CHROM	POS	REF	ALT	QUAL	FILTER	ALLELE	EFFECT	IMPACT	GENE	GENE_ID	FEATURE_TYPE	TRANSCRIPT	BIOTYPE	RANK	HGVS_C	HGVS_P	GENOTYPE
17	7661045	CT	C	208.93	PASS	C	downstream_gene_variant	MODIFIER	ATP1B2	ENSG00000129244.11	transcript	ENST00000250111.9	protein_coding		c.*5151delT		1|1
17	7662815	A	G	551.64	PASS	G	intergenic_region	MODIFIER	ATP1B2-TP53	ENSG00000129244.11-ENSG00000141510.21	intergenic_region	ENSG00000129244.11-ENSG00000141510.21			n.7662815A>G		0/1
17	7663126	GTATATATATAATATATATAATATAATATAA	G	480.6	PASS	G	intergenic_region	MODIFIER	ATP1B2-TP53	ENSG00000129244.11-ENSG00000141510.21	intergenic_region	ENSG00000129244.11-ENSG00000141510.21			n.7663127_7663156delTATATATATAATATATATAATATAATATAA		0/1
17	7663661	A	G	456.64	PASS	G	downstream_gene_variant	MODIFIER	TP53	ENSG00000141510.21	transcript	ENST00000269305.9	protein_coding		c.*5948T>C		0/1
17	7664197	C	T	567.64	PASS	T	downstream_gene_variant	MODIFIER	TP53	ENSG00000141510.21	transcript	ENST00000269305.9	protein_coding		c.*5412G>A		0/1
17	7664359	TTATCTATCTATCTATC	T,TTATCTATCTATC	835.02	PASS	T	downstream_gene_variant	MODIFIER	TP53	ENSG00000141510.21	transcript	ENST00000269305.9	protein_coding		c.*5234_*5249delGATAGATAGATAGATA		1/2
17	7664584	C	CT	232.6	PASS	CT	downstream_gene_variant	MODIFIER	TP53	ENSG00000141510.21	transcript	ENST00000269305.9	protein_coding		c.*5024dupA		0/1
17	7665379	CAA	C	139.6	PASS	C	downstream_gene_variant	MODIFIER	TP53	ENSG00000141510.21	transcript	ENST00000269305.9	protein_coding		c.*4228_*4229delTT		0/1
17	7665791	C	CA	290.6	PASS	CA	downstream_gene_variant	MODIFIER	TP53	ENSG00000141510.21	transcript	ENST00000269305.9	protein_coding		c.*3817dupT		0/1
17	7666380	A	C	658.64	PASS	C	downstream_gene_variant	MODIFIER	TP53	ENSG00000141510.21	transcript	ENST00000269305.9	protein_coding		c.*3229T>G		0/1
17	7666871	T	C	480.64	PASS	C	downstream_gene_variant	MODIFIER	TP53	ENSG00000141510.21	transcript	ENST00000269305.9	protein_coding		c.*2738A>G		0/1
17	7667260	T	TA	330.6	PASS	TA	downstream_gene_variant	MODIFIER	TP53	ENSG00000141510.21	transcript	ENST00000269305.9	protein_coding		c.*2348dupT		0/1
17	7667560	G	A	475.64	PASS	A	downstream_gene_variant	MODIFIER	TP53	ENSG00000141510.21	transcript	ENST00000269305.9	protein_coding		c.*2049C>T		0/1
17	7667611	C	T	571.64	PASS	T	downstream_gene_variant	MODIFIER	TP53	ENSG00000141510.21	transcript	ENST00000269305.9	protein_coding		c.*1998G>A		0|1
17	7667612	A	G	571.64	PASS	G	downstream_gene_variant	MODIFIER	TP53	ENSG00000141510.21	transcript	ENST00000269305.9	protein_coding		c.*1997T>C		0|1
17	7667762	A	G	794.64	PASS	G	downstream_gene_variant	MODIFIER	TP53	ENSG00000141510.21	transcript	ENST00000269305.9	protein_coding		c.*1847T>C		0/1
17	7668134	G	A	848.64	PASS	A	downstream_gene_variant	MODIFIER	TP53	ENSG00000141510.21	transcript	ENST00000269305.9	protein_coding		c.*1475C>T		0/1
17	7668169	A	AGCCGTG	976.6	PASS	AGCCGTG	downstream_gene_variant	MODIFIER	TP53	ENSG00000141510.21	transcript	ENST00000269305.9	protein_coding		c.*1434_*1439dupCACGGC		0/1
17	7668317	A	T	437.64	PASS	T	downstream_gene_variant	MODIFIER	TP53	ENSG00000141510.21	transcript	ENST00000269305.9	protein_coding		c.*1292T>A		0/1
17	7668836	GA	G	89.6	PASS	G	3_prime_UTR_variant	MODIFIER	TP53	ENSG00000141510.21	transcript	ENST00000269305.9	protein_coding	11/11	c.*772delT		0/1
17	7671457	C	T	571.64	PASS	T	intron_variant	MODIFIER	TP53	ENSG00000141510.21	transcript	ENST00000269305.9	protein_coding	9/10	c.994-742G>A		0|1
17	7671461	C	T	574.64	PASS	T	intron_variant	MODIFIER	TP53	ENSG00000141510.21	transcript	ENST00000269305.9	protein_coding	9/10	c.994-746G>A		0|1
17	7671618	C	T	518.64	PASS	T	intron_variant	MODIFIER	TP53	ENSG00000141510.21	transcript	ENST00000269305.9	protein_coding	9/10	c.994-903G>A		0/1
17	7672246	T	C	484.64	PASS	C	intron_variant	MODIFIER	TP53	ENSG00000141510.21	transcript	ENST00000269305.9	protein_coding	9/10	c.993+1289A>G		0/1
17	7673125	C	CAA	113.6	PASS	CAA	intron_variant	MODIFIER	TP53	ENSG00000141510.21	transcript	ENST00000269305.9	protein_coding	9/10	c.993+408_993+409dupTT		0/1
17	7674797	T	C	775.64	PASS	C	intron_variant	MODIFIER	TP53	ENSG00000141510.21	transcript	ENST00000269305.9	protein_coding	6/10	c.672+62A>G		0/1
17	7675327	C	T	498.64	PASS	T	intron_variant	MODIFIER	TP53	ENSG00000141510.21	transcript	ENST00000269305.9	protein_coding	4/10	c.376-91G>A		0/1
17	7675393	CTTT	C	384.6	PASS	C	intron_variant	MODIFIER	TP53	ENSG00000141510.21	transcript	ENST00000269305.9	protein_coding	4/10	c.376-160_376-158delAAA		0/1
17	7675519	A	G	649.64	PASS	G	intron_variant	MODIFIER	TP53	ENSG00000141510.21	transcript	ENST00000269305.9	protein_coding	4/10	c.376-283T>C		0/1
17	7676154	G	C	458.64	PASS	C	missense_variant	MODERATE	TP53	ENSG00000141510.21	transcript	ENST00000269305.9	protein_coding	4/11	c.215C>G	p.Pro72Arg	0/1
17	7676325	CCCCCAGCCCTCCAGGT	C	452.6	PASS	C	intron_variant	MODIFIER	TP53	ENSG00000141510.21	transcript	ENST00000269305.9	protein_coding	3/10	c.96+41_97-54delACCTGGAGGGCTGGGG		0/1
17	7676483	G	C	445.64	PASS	C	intron_variant	MODIFIER	TP53	ENSG00000141510.21	transcript	ENST00000269305.9	protein_coding	2/10	c.74+38C>G		0/1
17	7676938	AT	A	221.6	PASS	A	intron_variant	MODIFIER	TP53	ENSG00000141510.21	transcript	ENST00000269305.9	protein_coding	1/10	c.-28-317delA		0/1
17	7679288	T	TTTTTA	555.6	PASS	TTTTTA	intron_variant	MODIFIER	TP53	ENSG00000141510.21	transcript	ENST00000269305.9	protein_coding	1/10	c.-28-2671_-28-2667dupTAAAA		0/1
17	7679909	G	A	657.64	PASS	A	intron_variant	MODIFIER	TP53	ENSG00000141510.21	transcript	ENST00000269305.9	protein_coding	1/10	c.-28-3287C>T		0/1
17	43043694	G	C	749.64	PASS	C	downstream_gene_variant	MODIFIER	BRCA1	ENSG00000012048.28	transcript	ENST00000357654.9	protein_coding		c.*1984C>G		0/1
17	43043756	A	G	553.64	PASS	G	downstream_gene_variant	MODIFIER	BRCA1	ENSG00000012048.28	transcript	ENST00000357654.9	protein_coding		c.*1922T>C		0/1
17	43044391	G	A	928.64	PASS	A	3_prime_UTR_variant	MODIFIER	BRCA1	ENSG00000012048.28	transcript	ENST00000357654.9	protein_coding	23/23	c.*1287C>T		0/1
17	43044804	CTT	C	200.6	PASS	C	3_prime_UTR_variant	MODIFIER	BRCA1	ENSG00000012048.28	transcript	ENST00000357654.9	protein_coding	23/23	c.*872_*873delAA		0|1
17	43045257	C	A	524.64	PASS	A	3_prime_UTR_variant	MODIFIER	BRCA1	ENSG00000012048.28	transcript	ENST00000357654.9	protein_coding	23/23	c.*421G>T		0/1
17	43046757	C	CA	160.6	PASS	CA	intron_variant	MODIFIER	BRCA1	ENSG00000012048.28	transcript	ENST00000357654.9	protein_coding	22/22	c.5467+885dupT		0/1
17	43047896	T	C	679.64	PASS	C	intron_variant	MODIFIER	BRCA1	ENSG00000012048.28	transcript	ENST00000357654.9	protein_coding	21/22	c.5407-193A>G		0/1
17	43048092	T	C	698.64	PASS	C	intron_variant	MODIFIER	BRCA1	ENSG00000012048.28	transcript	ENST00000357654.9	protein_coding	21/22	c.5407-389A>G		0/1
17	43048520	T	C	264.64	PASS	C	intron_variant	MODIFIER	BRCA1	ENSG00000012048.28	transcript	ENST00000357654.9	protein_coding	21/22	c.5406+601A>G		0/1
17	43048687	GT	G	206.6	PASS	G	intron_variant	MODIFIER	BRCA1	ENSG00000012048.28	transcript	ENST00000357654.9	protein_coding	21/22	c.5406+433delA		0/1
17	43049685	C	T	420.64	PASS	T	intron_variant	MODIFIER	BRCA1	ENSG00000012048.28	transcript	ENST00000357654.9	protein_coding	20/22	c.5333-491G>A		0/1
17	43050615	AAAG	A	384.6	PASS	A	intron_variant	MODIFIER	BRCA1	ENSG00000012048.28	transcript	ENST00000357654.9	protein_coding	20/22	c.5332+445_5332+447delCTT		0/1
17	43050671	G	A	522.64	PASS	A	intron_variant	MODIFIER	BRCA1	ENSG00000012048.28	transcript	ENST00000357654.9	protein_coding	20/22	c.5332+392C>T		0/1
17	43051308	T	A	337.64	PASS	A	intron_variant	MODIFIER	BRCA1	ENSG00000012048.28	transcript	ENST00000357654.9	protein_coding	19/22	c.5278-191A>T		0/1
17	43051574	T	C	462.64	PASS	C	intron_variant	MODIFIER	BRCA1	ENSG00000012048.28	transcript	ENST00000357654.9	protein_coding	19/22	c.5278-457A>G		0/1
17	43052360	A	G	793.64	PASS	G	intron_variant	MODIFIER	BRCA1	ENSG00000012048.28	transcript	ENST00000357654.9	protein_coding	19/22	c.5278-1243T>C		0/1
17	43052373	T	C	813.64	PASS	C	intron_variant	MODIFIER	BRCA1	ENSG00000012048.28	transcript	ENST00000357654.9	protein_coding	19/22	c.5278-1256A>G		0/1
17	43052780	A	AAC	453.6	PASS	AAC	intron_variant	MODIFIER	BRCA1	ENSG00000012048.28	transcript	ENST00000357654.9	protein_coding	19/22	c.5278-1665_5278-1664dupGT		0/1
17	43052819	ACACACT	A	544.6	PASS	A	intron_variant	MODIFIER	BRCA1	ENSG00000012048.28	transcript	ENST00000357654.9	protein_coding	19/22	c.5278-1708_5278-1703delAGTGTG		0/1
17	43052825	T	*,A	463.84	PASS	A	intron_variant	MODIFIER	BRCA1	ENSG00000012048.28	transcript	ENST00000357654.9	protein_coding	19/22	c.5278-1708A>T		1/2
17	43052839	G	A	492.64	PASS	A	intron_variant	MODIFIER	BRCA1	ENSG00000012048.28	transcript	ENST00000357654.9	protein_coding	19/22	c.5278-1722C>T		0/1
17	43053755	G	A	278.64	PASS	A	intron_variant	MODIFIER	BRCA1	ENSG00000012048.28	transcript	ENST00000357654.9	protein_coding	19/22	c.5278-2638C>T		0/1
17	43053924	A	G	510.64	PASS	G	intron_variant	MODIFIER	BRCA1	ENSG00000012048.28	transcript	ENST00000357654.9	protein_coding	19/22	c.5278-2807T>C		0/1
17	43054039	T	C	655.64	PASS	C	intron_variant	MODIFIER	BRCA1	ENSG00000012048.28	transcript	ENST00000357654.9	protein_coding	19/22	c.5278-2922A>G		0/1
17	43054744	AT	A	129.6	PASS	A	intron_variant	MODIFIER	BRCA1	ENSG00000012048.28	transcript	ENST00000357654.9	protein_coding	19/22	c.5277+2307delA		0/1
17	43057561	T	C	746.64	PASS	C	intron_variant	MODIFIER	BRCA1	ENSG00000012048.28	transcript	ENST00000357654.9	protein_coding	18/22	c.5194-426A>G		0/1
17	43058379	A	C	425.64	PASS	C	intron_variant	MODIFIER	BRCA1	ENSG00000012048.28	transcript	ENST00000357654.9	protein_coding	18/22	c.5194-1244T>G		0/1
17	43059469	CACA	C,CACAACA	769.02	PASS	C	intron_variant	MODIFIER	BRCA1	ENSG00000012048.28	transcript	ENST00000357654.9	protein_coding	18/22	c.5194-2337_5194-2335delTGT		1/2
17	43059636	A	G	489.64	PASS	G	intron_variant	MODIFIER	BRCA1	ENSG00000012048.28	transcript	ENST00000357654.9	protein_coding	18/22	c.5194-2501T>C		0/1
17	43060152	C	T	566.64	PASS	T	intron_variant	MODIFIER	BRCA1	ENSG00000012048.28	transcript	ENST00000357654.9	protein_coding	18/22	c.5194-3017G>A		0/1
17	43060321	A	C	743.64	PASS	C	intron_variant	MODIFIER	BRCA1	ENSG00000012048.28	transcript	ENST00000357654.9	protein_coding	18/22	c.5193+3012T>G		0/1
17	43060530	C	T	491.64	PASS	T	intron_variant	MODIFIER	BRCA1	ENSG00000012048.28	transcript	ENST00000357654.9	protein_coding	18/22	c.5193+2803G>A		0/1
17	43060788	C	T	200.64	PASS	T	intron_variant	MODIFIER	BRCA1	ENSG00000012048.28	transcript	ENST00000357654.9	protein_coding	18/22	c.5193+2545G>A		0/1
17	43061585	CT	C	645.6	PASS	C	intron_variant	MODIFIER	BRCA1	ENSG00000012048.28	transcript	ENST00000357654.9	protein_coding	18/22	c.5193+1747delA		0|1
17	43061609	G	T	846.64	PASS	T	intron_variant	MODIFIER	BRCA1	ENSG00000012048.28	transcript	ENST00000357654.9	protein_coding	18/22	c.5193+1724C>A		0|1
17	43061643	T	C	800.64	PASS	C	intron_variant	MODIFIER	BRCA1	ENSG00000012048.28	transcript	ENST00000357654.9	protein_coding	18/22	c.5193+1690A>G		0/1
17	43061731	T	C	310.64	PASS	C	intron_variant	MODIFIER	BRCA1	ENSG00000012048.28	transcript	ENST00000357654.9	protein_coding	18/22	c.5193+1602A>G		0/1
17	43061876	C	T	523.64	PASS	T	intron_variant	MODIFIER	BRCA1	ENSG00000012048.28	transcript	ENST00000357654.9	protein_coding	18/22	c.5193+1457G>A		0/1
17	43061979	C	T	772.64	PASS	T	intron_variant	MODIFIER	BRCA1	ENSG00000012048.28	transcript	ENST00000357654.9	protein_coding	18/22	c.5193+1354G>A		0/1
17	43062192	CAA	C	568.6	PASS	C	intron_variant	MODIFIER	BRCA1	ENSG00000012048.28	transcript	ENST00000357654.9	protein_coding	18/22	c.5193+1139_5193+1140delTT		0/1
17	43063808	C	T	710.64	PASS	T	intron_variant	MODIFIER	BRCA1	ENSG00000012048.28	transcript	ENST00000357654.9	protein_coding	17/22	c.5152+66G>A		0/1
17	43064188	G	T	649.64	PASS	T	intron_variant	MODIFIER	BRCA1	ENSG00000012048.28	transcript	ENST00000357654.9	protein_coding	16/22	c.5075-237C>A		0/1
17	43064827	AT	A	67.6	PASS	A	intron_variant	MODIFIER	BRCA1	ENSG00000012048.28	transcript	ENST00000357654.9	protein_coding	16/22	c.5075-877delA		0/1
17	43064916	T	C	542.64	PASS	C	intron_variant	MODIFIER	BRCA1	ENSG00000012048.28	transcript	ENST00000357654.9	protein_coding	16/22	c.5075-965A>G		0/1
17	43065857	C	T	602.64	PASS	T	intron_variant	MODIFIER	BRCA1	ENSG00000012048.28	transcript	ENST00000357654.9	protein_coding	16/22	c.5074+1751G>A		0/1
17	43066316	G	A	657.64	PASS	A	intron_variant	MODIFIER	BRCA1	ENSG00000012048.28	transcript	ENST00000357654.9	protein_coding	16/22	c.5074+1292C>T		0/1
17	43066555	T	C	520.64	PASS	C	intron_variant	MODIFIER	BRCA1	ENSG00000012048.28	transcript	ENST00000357654.9	protein_coding	16/22	c.5074+1053A>G		0/1
17	43067324	G	T	304.64	PASS	T	intron_variant	MODIFIER	BRCA1	ENSG00000012048.28	transcript	ENST00000357654.9	protein_coding	16/22	c.5074+284C>A		0/1
17	43067543	C	T	208.64	PASS	T	intron_variant	MODIFIER	BRCA1	ENSG00000012048.28	transcript	ENST00000357654.9	protein_coding	16/22	c.5074+65G>A		0/1
17	43067763	T	C	328.64	PASS	C	intron_variant	MODIFIER	BRCA1	ENSG00000012048.28	transcript	ENST00000357654.9	protein_coding	15/22	c.4987-68A>G		0|1
17	43067787	T	C	295.64	PASS	C	intron_variant	MODIFIER	BRCA1	ENSG00000012048.28	transcript	ENST00000357654.9	protein_coding	15/22	c.4987-92A>G		0|1
17	43067836	A	ATTTT	127.6	PASS	ATTTT	intron_variant	MODIFIER	BRCA1	ENSG00000012048.28	transcript	ENST00000357654.9	protein_coding	15/22	c.4987-145_4987-142dupAAAA		0/1
17	43067890	T	TA,TAA	220.02	PASS	TA	intron_variant	MODIFIER	BRCA1	ENSG00000012048.28	transcript	ENST00000357654.9	protein_coding	15/22	c.4987-196dupT		1/2
17	43068206	A	G	327.64	PASS	G	intron_variant	MODIFIER	BRCA1	ENSG00000012048.28	transcript	ENST00000357654.9	protein_coding	15/22	c.4987-511T>C		0/1
17	43070445	A	G	470.64	PASS	G	intron_variant	MODIFIER	BRCA1	ENSG00000012048.28	transcript	ENST00000357654.9	protein_coding	15/22	c.4986+483T>C		0/1
17	43070706	T	C	665.64	PASS	C	intron_variant	MODIFIER	BRCA1	ENSG00000012048.28	transcript	ENST00000357654.9	protein_coding	15/22	c.4986+222A>G		0/1
17	43071077	T	C	474.64	PASS	C	missense_variant	MODERATE	BRCA1	ENSG00000012048.28	transcript	ENST00000357654.9	protein_coding	15/23	c.4837A>G	p.Ser1613Gly	0/1
17	43071521	G	GAATGTTCACTGTAACAATGCTTGT	873.6	PASS	GAATGTTCACTGTAACAATGCTTGT	intron_variant	MODIFIER	BRCA1	ENSG00000012048.28	transcript	ENST00000357654.9	protein_coding	14/22	c.4676-284_4676-283insACAAGCATTGTTACAGTGAACATT		0/1
17	43072816	G	C	462.64	PASS	C	intron_variant	MODIFIER	BRCA1	ENSG00000012048.28	transcript	ENST00000357654.9	protein_coding	14/22	c.4675+1515C>G		0/1
17	43072875	G	GT	288.6	PASS	GT	intron_variant	MODIFIER	BRCA1	ENSG00000012048.28	transcript	ENST00000357654.9	protein_coding	14/22	c.4675+1455dupA		0/1
17	43073764	A	T	666.64	PASS	T	intron_variant	MODIFIER	BRCA1	ENSG00000012048.28	transcript	ENST00000357654.9	protein_coding	14/22	c.4675+567T>A		0|1
17	43073766	A	T	666.64	PASS	T	intron_variant	MODIFIER	BRCA1	ENSG00000012048.28	transcript	ENST00000357654.9	protein_coding	14/22	c.4675+565T>A		0|1
17	43073822	T	C	663.64	PASS	C	intron_variant	MODIFIER	BRCA1	ENSG00000012048.28	transcript	ENST00000357654.9	protein_coding	14/22	c.4675+509A>G		0/1
17	43074584	G	C	583.64	PASS	C	intron_variant	MODIFIER	BRCA1	ENSG00000012048.28	transcript	ENST00000357654.9	protein_coding	13/22	c.4485-63C>G		0/1
17	43074658	A	T	336.64	PASS	T	intron_variant	MODIFIER	BRCA1	ENSG00000012048.28	transcript	ENST00000357654.9	protein_coding	13/22	c.4485-137T>A		0/1
17	43074719	GGGGTT	G	454.6	PASS	G	intron_variant	MODIFIER	BRCA1	ENSG00000012048.28	transcript	ENST00000357654.9	protein_coding	13/22	c.4485-203_4485-199delAACCC		0/1
17	43075066	C	CGGAA	295.6	PASS	CGGAA	intron_variant	MODIFIER	BRCA1	ENSG00000012048.28	transcript	ENST00000357654.9	protein_coding	13/22	c.4485-549_4485-546dupTTCC		0/1
17	43077335	C	CT	335.6	PASS	CT	intron_variant	MODIFIER	BRCA1	ENSG00000012048.28	transcript	ENST00000357654.9	protein_coding	12/22	c.4358-722dupA		0/1
17	43077369	T	C	748.64	PASS	C	intron_variant	MODIFIER	BRCA1	ENSG00000012048.28	transcript	ENST00000357654.9	protein_coding	12/22	c.4358-755A>G		0/1
17	43077743	AT	A	428.6	PASS	A	intron_variant	MODIFIER	BRCA1	ENSG00000012048.28	transcript	ENST00000357654.9	protein_coding	12/22	c.4358-1130delA		0|1
17	43077746	T	A	500.64	PASS	A	intron_variant	MODIFIER	BRCA1	ENSG00000012048.28	transcript	ENST00000357654.9	protein_coding	12/22	c.4358-1132A>T		0|1
17	43077756	T	C	466.64	PASS	C	intron_variant	MODIFIER	BRCA1	ENSG00000012048.28	transcript	ENST00000357654.9	protein_coding	12/22	c.4358-1142A>G		0|1
17	43077760	G	GT	1277.03	PASS	GT	intron_variant	MODIFIER	BRCA1	ENSG00000012048.28	transcript	ENST00000357654.9	protein_coding	12/22	c.4358-1147dupA		1/1
17	43077795	A	G	682.64	PASS	G	intron_variant	MODIFIER	BRCA1	ENSG00000012048.28	transcript	ENST00000357654.9	protein_coding	12/22	c.4358-1181T>C		0/1
17	43077840	G	A	769.64	PASS	A	intron_variant	MODIFIER	BRCA1	ENSG00000012048.28	transcript	ENST00000357654.9	protein_coding	12/22	c.4358-1226C>T		0/1
17	43077891	T	A	662.64	PASS	A	intron_variant	MODIFIER	BRCA1	ENSG00000012048.28	transcript	ENST00000357654.9	protein_coding	12/22	c.4358-1277A>T		0/1
17	43078088	CT	C	192.6	PASS	C	intron_variant	MODIFIER	BRCA1	ENSG00000012048.28	transcript	ENST00000357654.9	protein_coding	12/22	c.4358-1475delA		0/1
17	43078211	G	A	727.64	PASS	A	intron_variant	MODIFIER	BRCA1	ENSG00000012048.28	transcript	ENST00000357654.9	protein_coding	12/22	c.4358-1597C>T		0/1
17	43078319	A	G	535.64	PASS	G	intron_variant	MODIFIER	BRCA1	ENSG00000012048.28	transcript	ENST00000357654.9	protein_coding	12/22	c.4358-1705T>C		0/1
17	43078359	A	G	550.64	PASS	G	intron_variant	MODIFIER	BRCA1	ENSG00000012048.28	transcript	ENST00000357654.9	protein_coding	12/22	c.4358-1745T>C		0/1
17	43078507	T	G	499.64	PASS	G	intron_variant	MODIFIER	BRCA1	ENSG00000012048.28	transcript	ENST00000357654.9	protein_coding	12/22	c.4358-1893A>C		0/1
17	43078520	A	T	429.64	PASS	T	intron_variant	MODIFIER	BRCA1	ENSG00000012048.28	transcript	ENST00000357654.9	protein_coding	12/22	c.4358-1906T>A		0/1
17	43078973	A	G	769.64	PASS	G	intron_variant	MODIFIER	BRCA1	ENSG00000012048.28	transcript	ENST00000357654.9	protein_coding	12/22	c.4358-2359T>C		0/1
17	43079204	A	C	531.64	PASS	C	intron_variant	MODIFIER	BRCA1	ENSG00000012048.28	transcript	ENST00000357654.9	protein_coding	12/22	c.4358-2590T>G		0/1
17	43079499	C	T	844.64	PASS	T	intron_variant	MODIFIER	BRCA1	ENSG00000012048.28	transcript	ENST00000357654.9	protein_coding	12/22	c.4358-2885G>A		0/1
17	43079885	G	A	681.64	PASS	A	intron_variant	MODIFIER	BRCA1	ENSG00000012048.28	transcript	ENST00000357654.9	protein_coding	12/22	c.4357+2519C>T		0/1
17	43080327	G	C	1390.06	PASS	C	intron_variant	MODIFIER	BRCA1	ENSG00000012048.28	transcript	ENST00000357654.9	protein_coding	12/22	c.4357+2077C>G		1/1
17	43080681	C	T	368.64	PASS	T	intron_variant	MODIFIER	BRCA1	ENSG00000012048.28	transcript	ENST00000357654.9	protein_coding	12/22	c.4357+1723G>A		0/1
17	43082453	A	G	536.64	PASS	G	synonymous_variant	LOW	BRCA1	ENSG00000012048.28	transcript	ENST00000357654.9	protein_coding	12/23	c.4308T>C	p.Ser1436Ser	0/1
17	43083782	G	A	519.64	PASS	A	intron_variant	MODIFIER	BRCA1	ENSG00000012048.28	transcript	ENST00000357654.9	protein_coding	11/22	c.4186-1207C>T		0/1
17	43085936	G	A	730.64	PASS	A	intron_variant	MODIFIER	BRCA1	ENSG00000012048.28	transcript	ENST00000357654.9	protein_coding	11/22	c.4186-3361C>T		0/1
17	43086109	T	TACACAC	306.6	PASS	TACACAC	intron_variant	MODIFIER	BRCA1	ENSG00000012048.28	transcript	ENST00000357654.9	protein_coding	11/22	c.4186-3540_4186-3535dupGTGTGT		0/1
17	43087455	G	A	691.64	PASS	A	intron_variant	MODIFIER	BRCA1	ENSG00000012048.28	transcript	ENST00000357654.9	protein_coding	11/22	c.4185+3489C>T		0/1
17	43087474	T	C	590.64	PASS	C	intron_variant	MODIFIER	BRCA1	ENSG00000012048.28	transcript	ENST00000357654.9	protein_coding	11/22	c.4185+3470A>G		0/1
17	43087611	A	G	538.64	PASS	G	intron_variant	MODIFIER	BRCA1	ENSG00000012048.28	transcript	ENST00000357654.9	protein_coding	11/22	c.4185+3333T>C		0/1
17	43087898	AT	A	407.6	PASS	A	intron_variant	MODIFIER	BRCA1	ENSG00000012048.28	transcript	ENST00000357654.9	protein_coding	11/22	c.4185+3045delA		0/1
17	43088260	T	C	643.64	PASS	C	intron_variant	MODIFIER	BRCA1	ENSG00000012048.28	transcript	ENST00000357654.9	protein_coding	11/22	c.4185+2684A>G		0/1
17	43089373	C	A	562.64	PASS	A	intron_variant	MODIFIER	BRCA1	ENSG00000012048.28	transcript	ENST00000357654.9	protein_coding	11/22	c.4185+1571G>T		0/1
17	43089486	T	C	401.64	PASS	C	intron_variant	MODIFIER	BRCA1	ENSG00000012048.28	transcript	ENST00000357654.9	protein_coding	11/22	c.4185+1458A>G		0/1
17	43089551	T	TC	461.6	PASS	TC	intron_variant	MODIFIER	BRCA1	ENSG00000012048.28	transcript	ENST00000357654.9	protein_coding	11/22	c.4185+1392_4185+1393insG		0/1
17	43090058	AAAG	A	658.6	PASS	A	intron_variant	MODIFIER	BRCA1	ENSG00000012048.28	transcript	ENST00000357654.9	protein_coding	11/22	c.4185+883_4185+885delCTT		0/1
17	43090268	T	G	729.64	PASS	G	intron_variant	MODIFIER	BRCA1	ENSG00000012048.28	transcript	ENST00000357654.9	protein_coding	11/22	c.4185+676A>C		0/1
17	43091173	T	G	524.64	PASS	G	intron_variant	MODIFIER	BRCA1	ENSG00000012048.28	transcript	ENST00000357654.9	protein_coding	10/22	c.4097-141A>C		0/1
17	43091983	T	C	363.64	PASS	C	missense_variant	MODERATE	BRCA1	ENSG00000012048.28	transcript	ENST00000357654.9	protein_coding	10/23	c.3548A>G	p.Lys1183Arg	0/1
17	43092418	T	C	676.64	PASS	C	missense_variant	MODERATE	BRCA1	ENSG00000012048.28	transcript	ENST00000357654.9	protein_coding	10/23	c.3113A>G	p.Glu1038Gly	0/1
17	43092919	G	A	491.64	PASS	A	missense_variant	MODERATE	BRCA1	ENSG00000012048.28	transcript	ENST00000357654.9	protein_coding	10/23	c.2612C>T	p.Pro871Leu	0/1
17	43093220	A	G	507.64	PASS	G	synonymous_variant	LOW	BRCA1	ENSG00000012048.28	transcript	ENST00000357654.9	protein_coding	10/23	c.2311T>C	p.Leu771Leu	0/1
17	43093449	G	A	412.64	PASS	A	synonymous_variant	LOW	BRCA1	ENSG00000012048.28	transcript	ENST00000357654.9	protein_coding	10/23	c.2082C>T	p.Ser694Ser	0/1
17	43095105	A	ACCT	193.6	PASS	ACCT	intron_variant	MODIFIER	BRCA1	ENSG00000012048.28	transcript	ENST00000357654.9	protein_coding	9/22	c.671-248_671-246dupAGG		0/1
17	43095587	A	C	371.64	PASS	C	intron_variant	MODIFIER	BRCA1	ENSG00000012048.28	transcript	ENST00000357654.9	protein_coding	9/22	c.670+259T>G		0/1
17	43096147	C	T	431.64	PASS	T	intron_variant	MODIFIER	BRCA1	ENSG00000012048.28	transcript	ENST00000357654.9	protein_coding	8/22	c.594-225G>A		0/1
17	43096467	G	C	101.64	PASS	C	intron_variant	MODIFIER	BRCA1	ENSG00000012048.28	transcript	ENST00000357654.9	protein_coding	8/22	c.594-545C>G		0/1
17	43096571	CA	C	38.6	PASS	C	intron_variant	MODIFIER	BRCA1	ENSG00000012048.28	transcript	ENST00000357654.9	protein_coding	8/22	c.594-650delT		0/1
17	43097077	A	G	571.64	PASS	G	intron_variant	MODIFIER	BRCA1	ENSG00000012048.28	transcript	ENST00000357654.9	protein_coding	8/22	c.593+167T>C		0/1
17	43097346	TA	T	283.6	PASS	T	intron_variant	MODIFIER	BRCA1	ENSG00000012048.28	transcript	ENST00000357654.9	protein_coding	7/22	c.548-58delT		0/1
17	43098030	C	CT	120.6	PASS	CT	intron_variant	MODIFIER	BRCA1	ENSG00000012048.28	transcript	ENST00000357654.9	protein_coding	7/22	c.548-742dupA		0|1
17	43098661	C	CT	439.6	PASS	CT	intron_variant	MODIFIER	BRCA1	ENSG00000012048.28	transcript	ENST00000357654.9	protein_coding	7/22	c.547+1113_547+1114insA		0/1
17	43098906	T	C	545.64	PASS	C	intron_variant	MODIFIER	BRCA1	ENSG00000012048.28	transcript	ENST00000357654.9	protein_coding	7/22	c.547+869A>G		0/1
17	43099478	C	G	565.64	PASS	G	intron_variant	MODIFIER	BRCA1	ENSG00000012048.28	transcript	ENST00000357654.9	protein_coding	7/22	c.547+297G>C		0/1
17	43099629	T	A	853.64	PASS	A	intron_variant	MODIFIER	BRCA1	ENSG00000012048.28	transcript	ENST00000357654.9	protein_coding	7/22	c.547+146A>T		0/1
17	43100558	G	A	281.64	PASS	A	intron_variant	MODIFIER	BRCA1	ENSG00000012048.28	transcript	ENST00000357654.9	protein_coding	6/22	c.442-678C>T		0|1
17	43100574	C	CAT	286.6	PASS	CAT	intron_variant	MODIFIER	BRCA1	ENSG00000012048.28	transcript	ENST00000357654.9	protein_coding	6/22	c.442-696_442-695dupAT		0|1
17	43100595	T	A	250.64	PASS	A	intron_variant	MODIFIER	BRCA1	ENSG00000012048.28	transcript	ENST00000357654.9	protein_coding	6/22	c.442-715A>T		0|1
17	43100596	T	C	250.64	PASS	C	intron_variant	MODIFIER	BRCA1	ENSG00000012048.28	transcript	ENST00000357654.9	protein_coding	6/22	c.442-716A>G		0|1
17	43100617	TAAC	T	205.6	PASS	T	intron_variant	MODIFIER	BRCA1	ENSG00000012048.28	transcript	ENST00000357654.9	protein_coding	6/22	c.442-740_442-738delGTT		0|1
17	43100629	ATGT	A	208.6	PASS	A	intron_variant	MODIFIER	BRCA1	ENSG00000012048.28	transcript	ENST00000357654.9	protein_coding	6/22	c.442-752_442-750delACA		0|1
17	43100633	T	C	211.64	PASS	C	intron_variant	MODIFIER	BRCA1	ENSG00000012048.28	transcript	ENST00000357654.9	protein_coding	6/22	c.442-753A>G		0|1
17	43100654	TAAC	T	172.6	PASS	T	intron_variant	MODIFIER	BRCA1	ENSG00000012048.28	transcript	ENST00000357654.9	protein_coding	6/22	c.442-777_442-775delGTT		0|1
17	43100662	A	ATGT	169.6	PASS	ATGT	intron_variant	MODIFIER	BRCA1	ENSG00000012048.28	transcript	ENST00000357654.9	protein_coding	6/22	c.442-783_442-782insACA		0|1
17	43100677	TA	T	159.6	PASS	T	intron_variant	MODIFIER	BRCA1	ENSG00000012048.28	transcript	ENST00000357654.9	protein_coding	6/22	c.442-798delT		0|1
17	43100678	AAT	*,A	303.01	PASS	A	intron_variant	MODIFIER	BRCA1	ENSG00000012048.28	transcript	ENST00000357654.9	protein_coding	6/22	c.442-800_442-799delAT		1|2
17	43102157	A	G	577.64	PASS	G	intron_variant	MODIFIER	BRCA1	ENSG00000012048.28	transcript	ENST00000357654.9	protein_coding	6/22	c.441+1965T>C		0/1
17	43102357	C	CTTTTTTTT	58.6	PASS	CTTTTTTTT	intron_variant	MODIFIER	BRCA1	ENSG00000012048.28	transcript	ENST00000357654.9	protein_coding	6/22	c.441+1757_441+1764dupAAAAAAAA		0/1
17	43102388	C	T	273.64	PASS	T	intron_variant	MODIFIER	BRCA1	ENSG00000012048.28	transcript	ENST00000357654.9	protein_coding	6/22	c.441+1734G>A		0/1
17	43102469	T	G	450.64	PASS	G	intron_variant	MODIFIER	BRCA1	ENSG00000012048.28	transcript	ENST00000357654.9	protein_coding	6/22	c.441+1653A>C		0/1
17	43102948	C	CT	326.6	PASS	CT	intron_variant	MODIFIER	BRCA1	ENSG00000012048.28	transcript	ENST00000357654.9	protein_coding	6/22	c.441+1173dupA		0/1
17	43103085	A	G	651.64	PASS	G	intron_variant	MODIFIER	BRCA1	ENSG00000012048.28	transcript	ENST00000357654.9	protein_coding	6/22	c.441+1037T>C		0|1
17	43103094	A	T	753.64	PASS	T	intron_variant	MODIFIER	BRCA1	ENSG00000012048.28	transcript	ENST00000357654.9	protein_coding	6/22	c.441+1028T>A		0|1
17	43104057	CA	C	206.6	PASS	C	intron_variant	MODIFIER	BRCA1	ENSG00000012048.28	transcript	ENST00000357654.9	protein_coding	6/22	c.441+64delT		0|1
17	43104072	AAAAAAAAAGAAAAG	A	194.6	PASS	A	intron_variant	MODIFIER	BRCA1	ENSG00000012048.28	transcript	ENST00000357654.9	protein_coding	6/22	c.441+36_441+49delCTTTTCTTTTTTTT		0|1
17	43105117	T	C	792.64	PASS	C	intron_variant	MODIFIER	BRCA1	ENSG00000012048.28	transcript	ENST00000357654.9	protein_coding	4/22	c.213-161A>G		0/1
17	43105441	A	C	559.64	PASS	C	intron_variant	MODIFIER	BRCA1	ENSG00000012048.28	transcript	ENST00000357654.9	protein_coding	4/22	c.213-485T>G		0/1
17	43106026	C	T	523.64	PASS	T	intron_variant	MODIFIER	BRCA1	ENSG00000012048.28	transcript	ENST00000357654.9	protein_coding	4/22	c.212+430G>A		0/1
17	43106118	T	TA	144.6	PASS	TA	intron_variant	MODIFIER	BRCA1	ENSG00000012048.28	transcript	ENST00000357654.9	protein_coding	4/22	c.212+337dupT		0/1
17	43107032	C	T	452.64	PASS	T	intron_variant	MODIFIER	BRCA1	ENSG00000012048.28	transcript	ENST00000357654.9	protein_coding	3/22	c.135-499G>A		0/1
17	43107062	A	ATT	152.6	PASS	ATT	intron_variant	MODIFIER	BRCA1	ENSG00000012048.28	transcript	ENST00000357654.9	protein_coding	3/22	c.135-531_135-530dupAA		0/1
17	43107096	G	A	319.64	PASS	A	intron_variant	MODIFIER	BRCA1	ENSG00000012048.28	transcript	ENST00000357654.9	protein_coding	3/22	c.135-563C>T		0/1
17	43108335	C	CA	114.6	PASS	CA	intron_variant	MODIFIER	BRCA1	ENSG00000012048.28	transcript	ENST00000357654.9	protein_coding	3/22	c.135-1803dupT		0/1
17	43108706	C	CA	35.6	PASS	CA	intron_variant	MODIFIER	BRCA1	ENSG00000012048.28	transcript	ENST00000357654.9	protein_coding	3/22	c.135-2174dupT		0/1
17	43108791	A	G	167.64	PASS	G	intron_variant	MODIFIER	BRCA1	ENSG00000012048.28	transcript	ENST00000357654.9	protein_coding	3/22	c.135-2258T>C		0/1
17	43109041	T	TCTATCTATCTACCTAC	495.6	PASS	TCTATCTATCTACCTAC	intron_variant	MODIFIER	BRCA1	ENSG00000012048.28	transcript	ENST00000357654.9	protein_coding	3/22	c.135-2524_135-2509dupGTAGGTAGATAGATAG		0/1
17	43109216	C	T	507.64	PASS	T	intron_variant	MODIFIER	BRCA1	ENSG00000012048.28	transcript	ENST00000357654.9	protein_coding	3/22	c.135-2683G>A		0/1
17	43111027	A	G	696.64	PASS	G	intron_variant	MODIFIER	BRCA1	ENSG00000012048.28	transcript	ENST00000357654.9	protein_coding	3/22	c.135-4494T>C		0/1
17	43111100	C	CA	261.6	PASS	CA	intron_variant	MODIFIER	BRCA1	ENSG00000012048.28	transcript	ENST00000357654.9	protein_coding	3/22	c.135-4568dupT		0/1
17	43111549	T	C	572.64	PASS	C	intron_variant	MODIFIER	BRCA1	ENSG00000012048.28	transcript	ENST00000357654.9	protein_coding	3/22	c.134+4177A>G		0/1
17	43112129	G	A	686.64	PASS	A	intron_variant	MODIFIER	BRCA1	ENSG00000012048.28	transcript	ENST00000357654.9	protein_coding	3/22	c.134+3597C>T		0/1
17	43112347	A	G	589.64	PASS	G	intron_variant	MODIFIER	BRCA1	ENSG00000012048.28	transcript	ENST00000357654.9	protein_coding	3/22	c.134+3379T>C		0/1
17	43112722	C	T	814.64	PASS	T	intron_variant	MODIFIER	BRCA1	ENSG00000012048.28	transcript	ENST00000357654.9	protein_coding	3/22	c.134+3004G>A		0|1
17	43112723	TGA	T	814.6	PASS	T	intron_variant	MODIFIER	BRCA1	ENSG00000012048.28	transcript	ENST00000357654.9	protein_coding	3/22	c.134+3001_134+3002delTC		0|1
17	43112726	CT	C	811.6	PASS	C	intron_variant	MODIFIER	BRCA1	ENSG00000012048.28	transcript	ENST00000357654.9	protein_coding	3/22	c.134+2999delA		0|1
17	43112732	C	G	850.64	PASS	G	intron_variant	MODIFIER	BRCA1	ENSG00000012048.28	transcript	ENST00000357654.9	protein_coding	3/22	c.134+2994G>C		0|1
17	43112733	A	T	934.64	PASS	T	intron_variant	MODIFIER	BRCA1	ENSG00000012048.28	transcript	ENST00000357654.9	protein_coding	3/22	c.134+2993T>A		0|1
17	43112734	A	AGGG	934.6	PASS	AGGG	intron_variant	MODIFIER	BRCA1	ENSG00000012048.28	transcript	ENST00000357654.9	protein_coding	3/22	c.134+2991_134+2992insCCC		0|1
17	43112736	C	T	937.64	PASS	T	intron_variant	MODIFIER	BRCA1	ENSG00000012048.28	transcript	ENST00000357654.9	protein_coding	3/22	c.134+2990G>A		0|1
17	43112738	TGAAAC	T	853.6	PASS	T	intron_variant	MODIFIER	BRCA1	ENSG00000012048.28	transcript	ENST00000357654.9	protein_coding	3/22	c.134+2983_134+2987delGTTTC		0|1
17	43113759	A	G	551.64	PASS	G	intron_variant	MODIFIER	BRCA1	ENSG00000012048.28	transcript	ENST00000357654.9	protein_coding	3/22	c.134+1967T>C		0/1
17	43114390	C	CT	95.6	PASS	CT	intron_variant	MODIFIER	BRCA1	ENSG00000012048.28	transcript	ENST00000357654.9	protein_coding	3/22	c.134+1335dupA		0/1
17	43115033	G	A	520.64	PASS	A	intron_variant	MODIFIER	BRCA1	ENSG00000012048.28	transcript	ENST00000357654.9	protein_coding	3/22	c.134+693C>T		0/1
17	43115501	CA	C	224.6	PASS	C	intron_variant	MODIFIER	BRCA1	ENSG00000012048.28	transcript	ENST00000357654.9	protein_coding	3/22	c.134+224delT		0/1
17	43116189	A	C	864.64	PASS	C	intron_variant	MODIFIER	BRCA1	ENSG00000012048.28	transcript	ENST00000357654.9	protein_coding	2/22	c.81-410T>G		0|1
17	43116191	C	CT	864.6	PASS	CT	intron_variant	MODIFIER	BRCA1	ENSG00000012048.28	transcript	ENST00000357654.9	protein_coding	2/22	c.81-413dupA		0|1
17	43118212	T	G	353.64	PASS	G	intron_variant	MODIFIER	BRCA1	ENSG00000012048.28	transcript	ENST00000357654.9	protein_coding	2/22	c.81-2433A>C		0/1
17	43118260	C	T	462.64	PASS	T	intron_variant	MODIFIER	BRCA1	ENSG00000012048.28	transcript	ENST00000357654.9	protein_coding	2/22	c.81-2481G>A		0/1
17	43118446	G	A	418.64	PASS	A	intron_variant	MODIFIER	BRCA1	ENSG00000012048.28	transcript	ENST00000357654.9	protein_coding	2/22	c.81-2667C>T		0/1
17	43118649	C	A	680.64	PASS	A	intron_variant	MODIFIER	BRCA1	ENSG00000012048.28	transcript	ENST00000357654.9	protein_coding	2/22	c.81-2870G>T		0/1
17	43118761	C	CT	168.6	PASS	CT	intron_variant	MODIFIER	BRCA1	ENSG00000012048.28	transcript	ENST00000357654.9	protein_coding	2/22	c.81-2983dupA		0/1
17	43119276	GA	G	483.6	PASS	G	intron_variant	MODIFIER	BRCA1	ENSG00000012048.28	transcript	ENST00000357654.9	protein_coding	2/22	c.81-3498delT		0/1
17	43121078	G	A	388.64	PASS	A	intron_variant	MODIFIER	BRCA1	ENSG00000012048.28	transcript	ENST00000357654.9	protein_coding	2/22	c.80+2939C>T		0/1
17	43121331	T	C	400.64	PASS	C	intron_variant	MODIFIER	BRCA1	ENSG00000012048.28	transcript	ENST00000357654.9	protein_coding	2/22	c.80+2686A>G		0/1
17	43121362	G	C	321.64	PASS	C	intron_variant	MODIFIER	BRCA1	ENSG00000012048.28	transcript	ENST00000357654.9	protein_coding	2/22	c.80+2655C>G		0/1
17	43121520	A	C	744.64	PASS	C	intron_variant	MODIFIER	BRCA1	ENSG00000012048.28	transcript	ENST00000357654.9	protein_coding	2/22	c.80+2497T>G		0/1
17	43122761	G	A	511.64	PASS	A	intron_variant	MODIFIER	BRCA1	ENSG00000012048.28	transcript	ENST00000357654.9	protein_coding	2/22	c.80+1256C>T		0/1
17	43122889	G	A	449.64	PASS	A	intron_variant	MODIFIER	BRCA1	ENSG00000012048.28	transcript	ENST00000357654.9	protein_coding	2/22	c.80+1128C>T		0/1
17	43123064	G	GA	215.6	PASS	GA	intron_variant	MODIFIER	BRCA1	ENSG00000012048.28	transcript	ENST00000357654.9	protein_coding	2/22	c.80+952dupT		0/1
17	43123134	G	C	444.64	PASS	C	intron_variant	MODIFIER	BRCA1	ENSG00000012048.28	transcript	ENST00000357654.9	protein_coding	2/22	c.80+883C>G		0/1
17	43123349	GTTTTTTT	G	269.6	PASS	G	intron_variant	MODIFIER	BRCA1	ENSG00000012048.28	transcript	ENST00000357654.9	protein_coding	2/22	c.80+661_80+667delAAAAAAA		0/1
17	43123628	A	G	466.64	PASS	G	intron_variant	MODIFIER	BRCA1	ENSG00000012048.28	transcript	ENST00000357654.9	protein_coding	2/22	c.80+389T>C		0/1
17	43124230	A	G	652.64	PASS	G	intron_variant	MODIFIER	BRCA1	ENSG00000012048.28	transcript	ENST00000357654.9	protein_coding	1/22	c.-19-115T>C		0/1
17	43124331	T	C	666.64	PASS	C	intron_variant	MODIFIER	BRCA1	ENSG00000012048.28	transcript	ENST00000357654.9	protein_coding	1/22	c.-19-216A>G		0/1
17	43125170	G	C	264.64	PASS	C	intron_variant	MODIFIER	BRCA1	ENSG00000012048.28	transcript	ENST00000357654.9	protein_coding	1/22	c.-20+101C>G		0/1
17	43125988	G	GTGT	640.6	PASS	GTGT	upstream_gene_variant	MODIFIER	BRCA1	ENSG00000012048.28	transcript	ENST00000357654.9	protein_coding		c.-740_-738dupACA		0/1
17	43126099	T	C	504.64	PASS	C	upstream_gene_variant	MODIFIER	BRCA1	ENSG00000012048.28	transcript	ENST00000357654.9	protein_coding		c.-848A>G		0/1
17	43126360	G	A	413.64	PASS	A	upstream_gene_variant	MODIFIER	BRCA1	ENSG00000012048.28	transcript	ENST00000357654.9	protein_coding		c.-1109C>T		0/1
17	43126899	A	G	482.64	PASS	G	upstream_gene_variant	MODIFIER	BRCA1	ENSG00000012048.28	transcript	ENST00000357654.9	protein_coding		c.-1648T>C		0/1
17	43127281	A	G	641.64	PASS	G	upstream_gene_variant	MODIFIER	BRCA1	ENSG00000012048.28	transcript	ENST00000357654.9	protein_coding		c.-2030T>C		0/1
17	43127544	G	C	489.64	PASS	C	upstream_gene_variant	MODIFIER	BRCA1	ENSG00000012048.28	transcript	ENST00000357654.9	protein_coding		c.-2293C>G		0/1
17	43127753	A	G	573.64	PASS	G	upstream_gene_variant	MODIFIER	BRCA1	ENSG00000012048.28	transcript	ENST00000357654.9	protein_coding		c.-2502T>C		0/1
17	43127820	C	A	602.64	PASS	A	upstream_gene_variant	MODIFIER	BRCA1	ENSG00000012048.28	transcript	ENST00000357654.9	protein_coding		c.-2569G>T		0/1
17	43127865	A	G	529.64	PASS	G	upstream_gene_variant	MODIFIER	BRCA1	ENSG00000012048.28	transcript	ENST00000357654.9	protein_coding		c.-2614T>C		0/1
17	43128056	G	A	582.64	PASS	A	upstream_gene_variant	MODIFIER	BRCA1	ENSG00000012048.28	transcript	ENST00000357654.9	protein_coding		c.-2805C>T		0/1
17	43128665	A	G	367.64	PASS	G	upstream_gene_variant	MODIFIER	BRCA1	ENSG00000012048.28	transcript	ENST00000357654.9	protein_coding		c.-3414T>C		0/1
17	43128817	C	CT	254.6	PASS	CT	upstream_gene_variant	MODIFIER	BRCA1	ENSG00000012048.28	transcript	ENST00000357654.9	protein_coding		c.-3567dupA		0/1
17	43129663	T	C	492.64	PASS	C	upstream_gene_variant	MODIFIER	BRCA1	ENSG00000012048.28	transcript	ENST00000357654.9	protein_coding		c.-4412A>G		0/1
17	43129737	G	A	356.64	PASS	A	upstream_gene_variant	MODIFIER	BRCA1	ENSG00000012048.28	transcript	ENST00000357654.9	protein_coding		c.-4486C>T		0/1
17	43131360	C	T	945.64	PASS	T	intergenic_region	MODIFIER	BRCA1-NBR1	ENSG00000012048.28-ENSG00000188554.17	intergenic_region	ENSG00000012048.28-ENSG00000188554.17			n.43131360C>T		0/1
17	43131380	AAAT	A	898.6	PASS	A	intergenic_region	MODIFIER	BRCA1-NBR1	ENSG00000012048.28-ENSG00000188554.17	intergenic_region	ENSG00000012048.28-ENSG00000188554.17			n.43131381_43131383delAAT		0/1
17	43131837	G	A	964.64	PASS	A	intergenic_region	MODIFIER	BRCA1-NBR1	ENSG00000012048.28-ENSG00000188554.17	intergenic_region	ENSG00000012048.28-ENSG00000188554.17			n.43131837G>A		0|1
17	43131848	A	G	1003.64	PASS	G	intergenic_region	MODIFIER	BRCA1-NBR1	ENSG00000012048.28-ENSG00000188554.17	intergenic_region	ENSG00000012048.28-ENSG00000188554.17			n.43131848A>G		0|1
17	43132682	A	G	403.64	PASS	G	intergenic_region	MODIFIER	BRCA1-NBR1	ENSG00000012048.28-ENSG00000188554.17	intergenic_region	ENSG00000012048.28-ENSG00000188554.17			n.43132682A>G		0/1
17	43132725	T	C	525.64	PASS	C	intergenic_region	MODIFIER	BRCA1-NBR1	ENSG00000012048.28-ENSG00000188554.17	intergenic_region	ENSG00000012048.28-ENSG00000188554.17			n.43132725T>C		0/1
17	43132775	T	A	605.64	PASS	A	intergenic_region	MODIFIER	BRCA1-NBR1	ENSG00000012048.28-ENSG00000188554.17	intergenic_region	ENSG00000012048.28-ENSG00000188554.17			n.43132775T>A		0/1
17	43132858	G	A	528.64	PASS	A	intergenic_region	MODIFIER	BRCA1-NBR1	ENSG00000012048.28-ENSG00000188554.17	intergenic_region	ENSG00000012048.28-ENSG00000188554.17			n.43132858G>A		0/1
17	43133637	C	CTT	89.6	PASS	CTT	intergenic_region	MODIFIER	BRCA1-NBR1	ENSG00000012048.28-ENSG00000188554.17	intergenic_region	ENSG00000012048.28-ENSG00000188554.17			n.43133637_43133638insTT		0/1
17	43134805	T	G	826.64	PASS	G	intergenic_region	MODIFIER	BRCA1-NBR1	ENSG00000012048.28-ENSG00000188554.17	intergenic_region	ENSG00000012048.28-ENSG00000188554.17			n.43134805T>G		0/1
17	43135128	T	C	853.64	PASS	C	intergenic_region	MODIFIER	BRCA1-NBR1	ENSG00000012048.28-ENSG00000188554.17	intergenic_region	ENSG00000012048.28-ENSG00000188554.17			n.43135128T>C		0/1
17	43135298	G	GC	524.6	PASS	GC	intergenic_region	MODIFIER	BRCA1-NBR1	ENSG00000012048.28-ENSG00000188554.17	intergenic_region	ENSG00000012048.28-ENSG00000188554.17			n.43135298_43135299insC		0/1
17	43135863	A	G	458.64	PASS	G	intergenic_region	MODIFIER	BRCA1-NBR1	ENSG00000012048.28-ENSG00000188554.17	intergenic_region	ENSG00000012048.28-ENSG00000188554.17			n.43135863A>G		0/1
17	43135907	C	A	494.64	PASS	A	intergenic_region	MODIFIER	BRCA1-NBR1	ENSG00000012048.28-ENSG00000188554.17	intergenic_region	ENSG00000012048.28-ENSG00000188554.17			n.43135907C>A		0/1
17	43136826	A	G	352.64	PASS	G	intergenic_region	MODIFIER	BRCA1-NBR1	ENSG00000012048.28-ENSG00000188554.17	intergenic_region	ENSG00000012048.28-ENSG00000188554.17			n.43136826A>G		0/1
17	43137747	A	G	401.64	PASS	G	intergenic_region	MODIFIER	BRCA1-NBR1	ENSG00000012048.28-ENSG00000188554.17	intergenic_region	ENSG00000012048.28-ENSG00000188554.17			n.43137747A>G		0/1
17	43138596	G	T	431.64	PASS	T	intergenic_region	MODIFIER	BRCA1-NBR1	ENSG00000012048.28-ENSG00000188554.17	intergenic_region	ENSG00000012048.28-ENSG00000188554.17			n.43138596G>T		0/1
17	43138657	G	C	695.64	PASS	C	intergenic_region	MODIFIER	BRCA1-NBR1	ENSG00000012048.28-ENSG00000188554.17	intergenic_region	ENSG00000012048.28-ENSG00000188554.17			n.43138657G>C		0/1
17	43139177	CT	C	338.6	PASS	C	intergenic_region	MODIFIER	BRCA1-NBR1	ENSG00000012048.28-ENSG00000188554.17	intergenic_region	ENSG00000012048.28-ENSG00000188554.17			n.43139178delT		0/1
17	43139762	G	T	496.64	PASS	T	intergenic_region	MODIFIER	BRCA1-NBR1	ENSG00000012048.28-ENSG00000188554.17	intergenic_region	ENSG00000012048.28-ENSG00000188554.17			n.43139762G>T		0/1
17	43139936	C	G	432.64	PASS	G	intergenic_region	MODIFIER	BRCA1-NBR1	ENSG00000012048.28-ENSG00000188554.17	intergenic_region	ENSG00000012048.28-ENSG00000188554.17			n.43139936C>G		0/1
17	43140306	T	C	672.64	PASS	C	intergenic_region	MODIFIER	BRCA1-NBR1	ENSG00000012048.28-ENSG00000188554.17	intergenic_region	ENSG00000012048.28-ENSG00000188554.17			n.43140306T>C		0/1
17	43140410	C	G	635.64	PASS	G	intergenic_region	MODIFIER	BRCA1-NBR1	ENSG00000012048.28-ENSG00000188554.17	intergenic_region	ENSG00000012048.28-ENSG00000188554.17			n.43140410C>G		0/1
17	43140722	G	A	581.64	PASS	A	intergenic_region	MODIFIER	BRCA1-NBR1	ENSG00000012048.28-ENSG00000188554.17	intergenic_region	ENSG00000012048.28-ENSG00000188554.17			n.43140722G>A		0/1
17	43141596	C	T	268.64	PASS	T	intergenic_region	MODIFIER	BRCA1-NBR1	ENSG00000012048.28-ENSG00000188554.17	intergenic_region	ENSG00000012048.28-ENSG00000188554.17			n.43141596C>T		0/1
17	43142938	G	A	316.64	PASS	A	intergenic_region	MODIFIER	BRCA1-NBR1	ENSG00000012048.28-ENSG00000188554.17	intergenic_region	ENSG00000012048.28-ENSG00000188554.17			n.43142938G>A		0|1
17	43142940	G	A	316.64	PASS	A	intergenic_region	MODIFIER	BRCA1-NBR1	ENSG00000012048.28-ENSG00000188554.17	intergenic_region	ENSG00000012048.28-ENSG00000188554.17			n.43142940G>A		0|1
17	43142962	GTGTGTATATATA	G	397.6	PASS	G	intergenic_region	MODIFIER	BRCA1-NBR1	ENSG00000012048.28-ENSG00000188554.17	intergenic_region	ENSG00000012048.28-ENSG00000188554.17			n.43142963_43142974delTGTGTATATATA		0|1
17	43143472	G	A	547.64	PASS	A	intergenic_region	MODIFIER	BRCA1-NBR1	ENSG00000012048.28-ENSG00000188554.17	intergenic_region	ENSG00000012048.28-ENSG00000188554.17			n.43143472G>A		0/1
17	43144180	A	G	411.64	PASS	G	intergenic_region	MODIFIER	BRCA1-NBR1	ENSG00000012048.28-ENSG00000188554.17	intergenic_region	ENSG00000012048.28-ENSG00000188554.17			n.43144180A>G		0/1
17	43145329	C	CTTTCT	278.6	PASS	CTTTCT	intergenic_region	MODIFIER	BRCA1-NBR1	ENSG00000012048.28-ENSG00000188554.17	intergenic_region	ENSG00000012048.28-ENSG00000188554.17			n.43145329_43145330insTTTCT		0/1
17	43145553	C	T	767.64	PASS	T	intergenic_region	MODIFIER	BRCA1-NBR1	ENSG00000012048.28-ENSG00000188554.17	intergenic_region	ENSG00000012048.28-ENSG00000188554.17			n.43145553C>T		0/1
17	43145635	A	C	527.64	PASS	C	intergenic_region	MODIFIER	BRCA1-NBR1	ENSG00000012048.28-ENSG00000188554.17	intergenic_region	ENSG00000012048.28-ENSG00000188554.17			n.43145635A>C		0/1
17	43145975	G	T	530.64	PASS	T	intergenic_region	MODIFIER	BRCA1-NBR1	ENSG00000012048.28-ENSG00000188554.17	intergenic_region	ENSG00000012048.28-ENSG00000188554.17			n.43145975G>T		0/1
17	43146417	T	C	459.64	PASS	C	intergenic_region	MODIFIER	BRCA1-NBR1	ENSG00000012048.28-ENSG00000188554.17	intergenic_region	ENSG00000012048.28-ENSG00000188554.17			n.43146417T>C		0/1
17	43146482	G	A	387.64	PASS	A	intergenic_region	MODIFIER	BRCA1-NBR1	ENSG00000012048.28-ENSG00000188554.17	intergenic_region	ENSG00000012048.28-ENSG00000188554.17			n.43146482G>A		0|1
17	43146498	C	T	388.64	PASS	T	intergenic_region	MODIFIER	BRCA1-NBR1	ENSG00000012048.28-ENSG00000188554.17	intergenic_region	ENSG00000012048.28-ENSG00000188554.17			n.43146498C>T		0|1
17	43147390	T	C	664.64	PASS	C	intergenic_region	MODIFIER	BRCA1-NBR1	ENSG00000012048.28-ENSG00000188554.17	intergenic_region	ENSG00000012048.28-ENSG00000188554.17			n.43147390T>C		0/1
17	43147572	C	T	681.64	PASS	T	intergenic_region	MODIFIER	BRCA1-NBR1	ENSG00000012048.28-ENSG00000188554.17	intergenic_region	ENSG00000012048.28-ENSG00000188554.17			n.43147572C>T		0|1
17	43147590	A	G	762.64	PASS	G	intergenic_region	MODIFIER	BRCA1-NBR1	ENSG00000012048.28-ENSG00000188554.17	intergenic_region	ENSG00000012048.28-ENSG00000188554.17			n.43147590A>G		0|1
17	43147814	C	CCT	452.6	PASS	CCT	intergenic_region	MODIFIER	BRCA1-NBR1	ENSG00000012048.28-ENSG00000188554.17	intergenic_region	ENSG00000012048.28-ENSG00000188554.17			n.43147814_43147815insCT		0/1
17	43147911	G	C	505.64	PASS	C	intergenic_region	MODIFIER	BRCA1-NBR1	ENSG00000012048.28-ENSG00000188554.17	intergenic_region	ENSG00000012048.28-ENSG00000188554.17			n.43147911G>C		0/1
17	43148782	C	A	776.64	PASS	A	intergenic_region	MODIFIER	BRCA1-NBR1	ENSG00000012048.28-ENSG00000188554.17	intergenic_region	ENSG00000012048.28-ENSG00000188554.17			n.43148782C>A		0/1
17	43149269	T	TG	411.6	PASS	TG	intergenic_region	MODIFIER	BRCA1-NBR1	ENSG00000012048.28-ENSG00000188554.17	intergenic_region	ENSG00000012048.28-ENSG00000188554.17			n.43149269_43149270insG		0|1
17	43149411	T	G	418.64	PASS	G	intergenic_region	MODIFIER	BRCA1-NBR1	ENSG00000012048.28-ENSG00000188554.17	intergenic_region	ENSG00000012048.28-ENSG00000188554.17			n.43149411T>G		0/1
17	43149692	C	T	418.64	PASS	T	intergenic_region	MODIFIER	BRCA1-NBR1	ENSG00000012048.28-ENSG00000188554.17	intergenic_region	ENSG00000012048.28-ENSG00000188554.17			n.43149692C>T		0/1
17	43150733	T	C	517.64	PASS	C	intergenic_region	MODIFIER	BRCA1-NBR1	ENSG00000012048.28-ENSG00000188554.17	intergenic_region	ENSG00000012048.28-ENSG00000188554.17			n.43150733T>C		0/1
17	43150923	C	G	575.64	PASS	G	intergenic_region	MODIFIER	BRCA1-NBR1	ENSG00000012048.28-ENSG00000188554.17	intergenic_region	ENSG00000012048.28-ENSG00000188554.17			n.43150923C>G		0/1
17	43151054	C	T	479.64	PASS	T	intergenic_region	MODIFIER	BRCA1-NBR1	ENSG00000012048.28-ENSG00000188554.17	intergenic_region	ENSG00000012048.28-ENSG00000188554.17			n.43151054C>T		0/1
17	43152446	T	C	682.64	PASS	C	intergenic_region	MODIFIER	BRCA1-NBR1	ENSG00000012048.28-ENSG00000188554.17	intergenic_region	ENSG00000012048.28-ENSG00000188554.17			n.43152446T>C		0|1
17	43152447	G	A	682.64	PASS	A	intergenic_region	MODIFIER	BRCA1-NBR1	ENSG00000012048.28-ENSG00000188554.17	intergenic_region	ENSG00000012048.28-ENSG00000188554.17			n.43152447G>A		0|1
17	43153380	C	T	435.64	PASS	T	intergenic_region	MODIFIER	BRCA1-NBR1	ENSG00000012048.28-ENSG00000188554.17	intergenic_region	ENSG00000012048.28-ENSG00000188554.17			n.43153380C>T		0/1
17	43153554	T	TC	347.6	PASS	TC	intergenic_region	MODIFIER	BRCA1-NBR1	ENSG00000012048.28-ENSG00000188554.17	intergenic_region	ENSG00000012048.28-ENSG00000188554.17			n.43153554_43153555insC		0/1
17	43153809	G	T	336.64	PASS	T	intergenic_region	MODIFIER	BRCA1-NBR1	ENSG00000012048.28-ENSG00000188554.17	intergenic_region	ENSG00000012048.28-ENSG00000188554.17			n.43153809G>T		0/1
17	43153866	G	A	424.64	PASS	A	intergenic_region	MODIFIER	BRCA1-NBR1	ENSG00000012048.28-ENSG00000188554.17	intergenic_region	ENSG00000012048.28-ENSG00000188554.17			n.43153866G>A		0/1
17	43154506	C	T	432.64	PASS	T	intergenic_region	MODIFIER	BRCA1-NBR1	ENSG00000012048.28-ENSG00000188554.17	intergenic_region	ENSG00000012048.28-ENSG00000188554.17			n.43154506C>T		0/1
17	43154680	TTAAG	T	822.6	PASS	T	intergenic_region	MODIFIER	BRCA1-NBR1	ENSG00000012048.28-ENSG00000188554.17	intergenic_region	ENSG00000012048.28-ENSG00000188554.17			n.43154681_43154684delTAAG		0/1
17	43155084	T	C	504.64	PASS	C	intergenic_region	MODIFIER	BRCA1-NBR1	ENSG00000012048.28-ENSG00000188554.17	intergenic_region	ENSG00000012048.28-ENSG00000188554.17			n.43155084T>C		0/1
17	43155456	A	C	540.64	PASS	C	intergenic_region	MODIFIER	BRCA1-NBR1	ENSG00000012048.28-ENSG00000188554.17	intergenic_region	ENSG00000012048.28-ENSG00000188554.17			n.43155456A>C		0/1
17	43155670	C	G	545.64	PASS	G	intergenic_region	MODIFIER	BRCA1-NBR1	ENSG00000012048.28-ENSG00000188554.17	intergenic_region	ENSG00000012048.28-ENSG00000188554.17			n.43155670C>G		0/1
17	43155685	G	C	751.64	PASS	C	intergenic_region	MODIFIER	BRCA1-NBR1	ENSG00000012048.28-ENSG00000188554.17	intergenic_region	ENSG00000012048.28-ENSG00000188554.17			n.43155685G>C		0|1
17	43155686	C	T	751.64	PASS	T	intergenic_region	MODIFIER	BRCA1-NBR1	ENSG00000012048.28-ENSG00000188554.17	intergenic_region	ENSG00000012048.28-ENSG00000188554.17			n.43155686C>T		0|1
17	43155755	G	A	615.64	PASS	A	intergenic_region	MODIFIER	BRCA1-NBR1	ENSG00000012048.28-ENSG00000188554.17	intergenic_region	ENSG00000012048.28-ENSG00000188554.17			n.43155755G>A		0/1
17	43156257	A	G	542.64	PASS	G	intergenic_region	MODIFIER	BRCA1-NBR1	ENSG00000012048.28-ENSG00000188554.17	intergenic_region	ENSG00000012048.28-ENSG00000188554.17			n.43156257A>G		0/1
17	43157735	G	T	443.64	PASS	T	intergenic_region	MODIFIER	BRCA1-NBR1	ENSG00000012048.28-ENSG00000188554.17	intergenic_region	ENSG00000012048.28-ENSG00000188554.17			n.43157735G>T		0/1
17	43158478	T	C	439.64	PASS	C	intergenic_region	MODIFIER	BRCA1-NBR1	ENSG00000012048.28-ENSG00000188554.17	intergenic_region	ENSG00000012048.28-ENSG00000188554.17			n.43158478T>C		0/1
17	43159452	T	G	938.64	PASS	G	intergenic_region	MODIFIER	BRCA1-NBR1	ENSG00000012048.28-ENSG00000188554.17	intergenic_region	ENSG00000012048.28-ENSG00000188554.17			n.43159452T>G		0/1
17	43159574	T	C	1888.06	PASS	C	intergenic_region	MODIFIER	BRCA1-NBR1	ENSG00000012048.28-ENSG00000188554.17	intergenic_region	ENSG00000012048.28-ENSG00000188554.17			n.43159574T>C		1/1
17	43159815	G	C	1332.06	PASS	C	intergenic_region	MODIFIER	BRCA1-NBR1	ENSG00000012048.28-ENSG00000188554.17	intergenic_region	ENSG00000012048.28-ENSG00000188554.17			n.43159815G>C		1/1
17	43159852	A	T	688.64	PASS	T	intergenic_region	MODIFIER	BRCA1-NBR1	ENSG00000012048.28-ENSG00000188554.17	intergenic_region	ENSG00000012048.28-ENSG00000188554.17			n.43159852A>T		0/1
17	43160549	A	G	521.64	PASS	G	intergenic_region	MODIFIER	BRCA1-NBR1	ENSG00000012048.28-ENSG00000188554.17	intergenic_region	ENSG00000012048.28-ENSG00000188554.17			n.43160549A>G		0/1
17	43160842	T	C	555.64	PASS	C	intergenic_region	MODIFIER	BRCA1-NBR1	ENSG00000012048.28-ENSG00000188554.17	intergenic_region	ENSG00000012048.28-ENSG00000188554.17			n.43160842T>C		0/1
17	43161270	A	G	1655.06	PASS	G	intergenic_region	MODIFIER	BRCA1-NBR1	ENSG00000012048.28-ENSG00000188554.17	intergenic_region	ENSG00000012048.28-ENSG00000188554.17			n.43161270A>G		1/1
17	43161595	A	G	574.64	PASS	G	intergenic_region	MODIFIER	BRCA1-NBR1	ENSG00000012048.28-ENSG00000188554.17	intergenic_region	ENSG00000012048.28-ENSG00000188554.17			n.43161595A>G		0/1
17	43164525	G	T	671.64	PASS	T	intergenic_region	MODIFIER	BRCA1-NBR1	ENSG00000012048.28-ENSG00000188554.17	intergenic_region	ENSG00000012048.28-ENSG00000188554.17			n.43164525G>T		0/1
17	43164730	C	G	272.64	PASS	G	intergenic_region	MODIFIER	BRCA1-NBR1	ENSG00000012048.28-ENSG00000188554.17	intergenic_region	ENSG00000012048.28-ENSG00000188554.17			n.43164730C>G		0/1
17	43165415	C	T	628.64	PASS	T	intergenic_region	MODIFIER	BRCA1-NBR1	ENSG00000012048.28-ENSG00000188554.17	intergenic_region	ENSG00000012048.28-ENSG00000188554.17			n.43165415C>T		0/1
17	43165485	G	GT	883.03	PASS	GT	intergenic_region	MODIFIER	BRCA1-NBR1	ENSG00000012048.28-ENSG00000188554.17	intergenic_region	ENSG00000012048.28-ENSG00000188554.17			n.43165485_43165486insT		1/1
17	43165785	CT	C	587.6	PASS	C	intergenic_region	MODIFIER	BRCA1-NBR1	ENSG00000012048.28-ENSG00000188554.17	intergenic_region	ENSG00000012048.28-ENSG00000188554.17			n.43165786delT		0|1
17	43165794	T	TAGACTGTCTA	622.6	PASS	TAGACTGTCTA	intergenic_region	MODIFIER	BRCA1-NBR1	ENSG00000012048.28-ENSG00000188554.17	intergenic_region	ENSG00000012048.28-ENSG00000188554.17			n.43165794_43165795insAGACTGTCTA		0|1
17	43165879	T	A	344.64	PASS	A	intergenic_region	MODIFIER	BRCA1-NBR1	ENSG00000012048.28-ENSG00000188554.17	intergenic_region	ENSG00000012048.28-ENSG00000188554.17			n.43165879T>A		0/1
17	43165953	C	G	1055.06	PASS	G	intergenic_region	MODIFIER	BRCA1-NBR1	ENSG00000012048.28-ENSG00000188554.17	intergenic_region	ENSG00000012048.28-ENSG00000188554.17			n.43165953C>G		1/1
17	43166119	C	T	1405.06	PASS	T	intergenic_region	MODIFIER	BRCA1-NBR1	ENSG00000012048.28-ENSG00000188554.17	intergenic_region	ENSG00000012048.28-ENSG00000188554.17			n.43166119C>T		1|1
17	43166125	C	CCT	612.6	PASS	CCT	intergenic_region	MODIFIER	BRCA1-NBR1	ENSG00000012048.28-ENSG00000188554.17	intergenic_region	ENSG00000012048.28-ENSG00000188554.17			n.43166125_43166126insCT		0|1
17	43166134	CTGTG	C	483.6	PASS	C	intergenic_region	MODIFIER	BRCA1-NBR1	ENSG00000012048.28-ENSG00000188554.17	intergenic_region	ENSG00000012048.28-ENSG00000188554.17			n.43166135_43166138delTGTG		0|1
17	43166140	G	C	483.64	PASS	C	intergenic_region	MODIFIER	BRCA1-NBR1	ENSG00000012048.28-ENSG00000188554.17	intergenic_region	ENSG00000012048.28-ENSG00000188554.17			n.43166140G>C		0|1
17	43166783	T	C	597.64	PASS	C	upstream_gene_variant	MODIFIER	NBR1	ENSG00000188554.17	transcript	ENST00000590996.6	protein_coding		c.-4529T>C		0/1
17	43166915	G	A	540.64	PASS	A	upstream_gene_variant	MODIFIER	NBR1	ENSG00000188554.17	transcript	ENST00000590996.6	protein_coding		c.-4397G>A		0/1
17	43169370	C	T	873.64	PASS	T	upstream_gene_variant	MODIFIER	NBR1	ENSG00000188554.17	transcript	ENST00000590996.6	protein_coding		c.-1942C>T		0/1
17	43169829	C	T	618.64	PASS	T	upstream_gene_variant	MODIFIER	NBR1	ENSG00000188554.17	transcript	ENST00000590996.6	protein_coding		c.-1483C>T		0/1
17	43169893	C	T	1223.06	PASS	T	upstream_gene_variant	MODIFIER	NBR1	ENSG00000188554.17	transcript	ENST00000590996.6	protein_coding		c.-1419C>T		1/1
13	32315831	G	A	1817.06	PASS	A	upstream_gene_variant	MODIFIER	ZAR1L	ENSG00000189167.12	transcript	ENST00000533490.7	protein_coding		c.-906C>T		1/1
13	32315889	C	T	1740.06	PASS	T	upstream_gene_variant	MODIFIER	ZAR1L	ENSG00000189167.12	transcript	ENST00000533490.7	protein_coding		c.-964G>A		1/1
13	32316090	G	T	503.64	PASS	T	upstream_gene_variant	MODIFIER	ZAR1L	ENSG00000189167.12	transcript	ENST00000533490.7	protein_coding		c.-1165C>A		0/1
13	32316435	G	A	796.64	PASS	A	5_prime_UTR_variant	MODIFIER	BRCA2	ENSG00000139618.19	transcript	ENST00000380152.8	protein_coding	2/27	c.-26G>A		0/1
13	32317661	T	C	250.64	PASS	C	upstream_gene_variant	MODIFIER	ZAR1L	ENSG00000189167.12	transcript	ENST00000533490.7	protein_coding		c.-2736A>G		0/1
13	32318080	C	T	1171.06	PASS	T	upstream_gene_variant	MODIFIER	ZAR1L	ENSG00000189167.12	transcript	ENST00000533490.7	protein_coding		c.-3155G>A		1/1
13	32318598	T	C	1539.06	PASS	C	upstream_gene_variant	MODIFIER	ZAR1L	ENSG00000189167.12	transcript	ENST00000533490.7	protein_coding		c.-3673A>G		1|1
13	32318623	A	C	525.64	PASS	C	upstream_gene_variant	MODIFIER	ZAR1L	ENSG00000189167.12	transcript	ENST00000533490.7	protein_coding		c.-3698T>G		0|1
13	32319654	A	G	1046.06	PASS	G	upstream_gene_variant	MODIFIER	ZAR1L	ENSG00000189167.12	transcript	ENST00000533490.7	protein_coding		c.-4729T>C		1/1
13	32321240	G	C	1005.06	PASS	C	intron_variant	MODIFIER	BRCA2	ENSG00000139618.19	transcript	ENST00000380152.8	protein_coding	3/26	c.316+1915G>C		1/1
13	32323151	ATT	A	187.6	PASS	A	intron_variant	MODIFIER	BRCA2	ENSG00000139618.19	transcript	ENST00000380152.8	protein_coding	3/26	c.317-1908_317-1907delTT		0/1
13	32323201	G	A	438.64	PASS	A	intron_variant	MODIFIER	BRCA2	ENSG00000139618.19	transcript	ENST00000380152.8	protein_coding	3/26	c.317-1875G>A		0/1
13	32325430	G	C	287.64	PASS	C	intron_variant	MODIFIER	BRCA2	ENSG00000139618.19	transcript	ENST00000380152.8	protein_coding	4/26	c.425+246G>C		0/1
13	32325741	C	T	1396.06	PASS	T	intron_variant	MODIFIER	BRCA2	ENSG00000139618.19	transcript	ENST00000380152.8	protein_coding	4/26	c.426-360C>T		1/1
13	32326796	T	A	699.64	PASS	A	intron_variant	MODIFIER	BRCA2	ENSG00000139618.19	transcript	ENST00000380152.8	protein_coding	7/26	c.631+183T>A		0/1
13	32328257	T	C	462.64	PASS	C	intron_variant	MODIFIER	BRCA2	ENSG00000139618.19	transcript	ENST00000380152.8	protein_coding	7/26	c.632-1186T>C		0/1
13	32329548	C	T	378.64	PASS	T	intron_variant	MODIFIER	BRCA2	ENSG00000139618.19	transcript	ENST00000380152.8	protein_coding	8/26	c.681+56C>T		0/1
13	32331128	G	A	1222.06	PASS	A	intron_variant	MODIFIER	BRCA2	ENSG00000139618.19	transcript	ENST00000380152.8	protein_coding	9/26	c.793+98G>A		1/1
13	32333969	A	G	1306.06	PASS	G	intron_variant	MODIFIER	BRCA2	ENSG00000139618.19	transcript	ENST00000380152.8	protein_coding	10/26	c.1909+582A>G		1/1
13	32334210	C	T	635.64	PASS	T	intron_variant	MODIFIER	BRCA2	ENSG00000139618.19	transcript	ENST00000380152.8	protein_coding	10/26	c.1909+823C>T		0/1
13	32334492	A	G	292.64	PASS	G	intron_variant	MODIFIER	BRCA2	ENSG00000139618.19	transcript	ENST00000380152.8	protein_coding	10/26	c.1909+1105A>G		0/1
13	32336191	T	C	597.64	PASS	C	intron_variant	MODIFIER	BRCA2	ENSG00000139618.19	transcript	ENST00000380152.8	protein_coding	10/26	c.1910-74T>C		0/1
13	32337751	A	G	578.64	PASS	G	synonymous_variant	LOW	BRCA2	ENSG00000139618.19	transcript	ENST00000380152.8	protein_coding	11/27	c.3396A>G	p.Lys1132Lys	0/1
13	32338918	A	G	1476.06	PASS	G	synonymous_variant	LOW	BRCA2	ENSG00000139618.19	transcript	ENST00000380152.8	protein_coding	11/27	c.4563A>G	p.Leu1521Leu	1/1
13	32340868	G	C	1748.06	PASS	C	synonymous_variant	LOW	BRCA2	ENSG00000139618.19	transcript	ENST00000380152.8	protein_coding	11/27	c.6513G>C	p.Val2171Val	1/1
13	32341273	CAATT	C	618.6	PASS	C	intron_variant	MODIFIER	BRCA2	ENSG00000139618.19	transcript	ENST00000380152.8	protein_coding	11/26	c.6841+80_6841+83delTTAA		0/1
13	32341387	C	A	740.64	PASS	A	intron_variant	MODIFIER	BRCA2	ENSG00000139618.19	transcript	ENST00000380152.8	protein_coding	11/26	c.6841+191C>A		0/1
13	32342270	CAA	C	971.03	PASS	C	intron_variant	MODIFIER	BRCA2	ENSG00000139618.19	transcript	ENST00000380152.8	protein_coding	11/26	c.6841+1091_6841+1092delAA		1/1
13	32343048	GA	G	233.6	PASS	G	intron_variant	MODIFIER	BRCA2	ENSG00000139618.19	transcript	ENST00000380152.8	protein_coding	11/26	c.6842-1496delA		0/1
13	32343709	GA	G	321.6	PASS	G	intron_variant	MODIFIER	BRCA2	ENSG00000139618.19	transcript	ENST00000380152.8	protein_coding	11/26	c.6842-839delA		0/1
13	32344166	GAA	G,GAAA	666.02	PASS	G	intron_variant	MODIFIER	BRCA2	ENSG00000139618.19	transcript	ENST00000380152.8	protein_coding	11/26	c.6842-376_6842-375delAA		1/2
13	32344804	A	G	460.64	PASS	G	intron_variant	MODIFIER	BRCA2	ENSG00000139618.19	transcript	ENST00000380152.8	protein_coding	12/26	c.6937+151A>G		0/1
13	32344830	G	A	505.64	PASS	A	intron_variant	MODIFIER	BRCA2	ENSG00000139618.19	transcript	ENST00000380152.8	protein_coding	12/26	c.6937+177G>A		0/1
13	32345389	A	T	363.64	PASS	T	intron_variant	MODIFIER	BRCA2	ENSG00000139618.19	transcript	ENST00000380152.8	protein_coding	12/26	c.6937+736A>T		0/1
13	32345500	T	G	762.64	PASS	G	intron_variant	MODIFIER	BRCA2	ENSG00000139618.19	transcript	ENST00000380152.8	protein_coding	12/26	c.6937+847T>G		0/1
13	32345879	G	A	1205.06	PASS	A	intron_variant	MODIFIER	BRCA2	ENSG00000139618.19	transcript	ENST00000380152.8	protein_coding	12/26	c.6938-948G>A		1/1
13	32345941	T	A	400.64	PASS	A	intron_variant	MODIFIER	BRCA2	ENSG00000139618.19	transcript	ENST00000380152.8	protein_coding	12/26	c.6938-886T>A		0/1
13	32346707	T	C	1640.06	PASS	C	intron_variant	MODIFIER	BRCA2	ENSG00000139618.19	transcript	ENST00000380152.8	protein_coding	12/26	c.6938-120T>C		1/1
13	32347807	A	G	376.64	PASS	G	intron_variant	MODIFIER	BRCA2	ENSG00000139618.19	transcript	ENST00000380152.8	protein_coding	13/26	c.7007+911A>G		0/1
13	32348194	A	C	535.64	PASS	C	intron_variant	MODIFIER	BRCA2	ENSG00000139618.19	transcript	ENST00000380152.8	protein_coding	13/26	c.7007+1298A>C		0/1
13	32349216	CAAAAAAAAAAA	C,CAAAAAAAAAA	537.02	PASS	C	intron_variant	MODIFIER	BRCA2	ENSG00000139618.19	transcript	ENST00000380152.8	protein_coding	13/26	c.7007+2333_7007+2343delAAAAAAAAAAA		1/2
13	32349322	C	CA	294.6	PASS	CA	intron_variant	MODIFIER	BRCA2	ENSG00000139618.19	transcript	ENST00000380152.8	protein_coding	13/26	c.7007+2436dupA		0/1
13	32349553	C	T	565.64	PASS	T	intron_variant	MODIFIER	BRCA2	ENSG00000139618.19	transcript	ENST00000380152.8	protein_coding	13/26	c.7007+2657C>T		0/1
13	32349814	CA	C	467.03	PASS	C	intron_variant	MODIFIER	BRCA2	ENSG00000139618.19	transcript	ENST00000380152.8	protein_coding	13/26	c.7007+2936delA		1/1
13	32350055	A	G	360.64	PASS	G	intron_variant	MODIFIER	BRCA2	ENSG00000139618.19	transcript	ENST00000380152.8	protein_coding	13/26	c.7007+3159A>G		0/1
13	32350510	G	C	374.64	PASS	C	intron_variant	MODIFIER	BRCA2	ENSG00000139618.19	transcript	ENST00000380152.8	protein_coding	13/26	c.7007+3614G>C		0/1
13	32351120	C	A	363.64	PASS	A	intron_variant	MODIFIER	BRCA2	ENSG00000139618.19	transcript	ENST00000380152.8	protein_coding	13/26	c.7008-3741C>A		0/1
13	32353467	C	CAGAG	796.6	PASS	CAGAG	intron_variant	MODIFIER	BRCA2	ENSG00000139618.19	transcript	ENST00000380152.8	protein_coding	13/26	c.7008-1394_7008-1393insAGAG		0|1
13	32353470	A	C	754.64	PASS	C	intron_variant	MODIFIER	BRCA2	ENSG00000139618.19	transcript	ENST00000380152.8	protein_coding	13/26	c.7008-1391A>C		0|1
13	32353471	AAGC	A	754.6	PASS	A	intron_variant	MODIFIER	BRCA2	ENSG00000139618.19	transcript	ENST00000380152.8	protein_coding	13/26	c.7008-1389_7008-1387delAGC		0|1
13	32353757	C	T	522.64	PASS	T	intron_variant	MODIFIER	BRCA2	ENSG00000139618.19	transcript	ENST00000380152.8	protein_coding	13/26	c.7008-1104C>T		0/1
13	32353975	G	A	600.64	PASS	A	intron_variant	MODIFIER	BRCA2	ENSG00000139618.19	transcript	ENST00000380152.8	protein_coding	13/26	c.7008-886G>A		0/1
13	32354065	A	G	602.64	PASS	G	intron_variant	MODIFIER	BRCA2	ENSG00000139618.19	transcript	ENST00000380152.8	protein_coding	13/26	c.7008-796A>G		0/1
13	32354180	T	C	1217.06	PASS	C	intron_variant	MODIFIER	BRCA2	ENSG00000139618.19	transcript	ENST00000380152.8	protein_coding	13/26	c.7008-681T>C		1/1
13	32354267	T	C	758.64	PASS	C	intron_variant	MODIFIER	BRCA2	ENSG00000139618.19	transcript	ENST00000380152.8	protein_coding	13/26	c.7008-594T>C		0|1
13	32354271	G	A	1591.06	PASS	A	intron_variant	MODIFIER	BRCA2	ENSG00000139618.19	transcript	ENST00000380152.8	protein_coding	13/26	c.7008-590G>A		1|1
13	32355095	A	G	607.64	PASS	G	synonymous_variant	LOW	BRCA2	ENSG00000139618.19	transcript	ENST00000380152.8	protein_coding	14/27	c.7242A>G	p.Ser2414Ser	0/1
13	32355250	T	C	1281.06	PASS	C	missense_variant	MODERATE	BRCA2	ENSG00000139618.19	transcript	ENST00000380152.8	protein_coding	14/27	c.7397T>C	p.Val2466Ala	1/1
13	32356799	G	A	1286.06	PASS	A	intron_variant	MODIFIER	BRCA2	ENSG00000139618.19	transcript	ENST00000380152.8	protein_coding	15/26	c.7617+190G>A		1/1
13	32358476	C	CA	78.6	PASS	CA	intron_variant	MODIFIER	BRCA2	ENSG00000139618.19	transcript	ENST00000380152.8	protein_coding	16/26	c.7805+561dupA		0/1
13	32359222	G	GA	72.02	PASS	GA	intron_variant	MODIFIER	BRCA2	ENSG00000139618.19	transcript	ENST00000380152.8	protein_coding	16/26	c.7805+1314dupA		0/1
13	32359789	A	G	725.64	PASS	G	intron_variant	MODIFIER	BRCA2	ENSG00000139618.19	transcript	ENST00000380152.8	protein_coding	16/26	c.7805+1860A>G		0/1
13	32359800	A	G	1435.06	PASS	G	intron_variant	MODIFIER	BRCA2	ENSG00000139618.19	transcript	ENST00000380152.8	protein_coding	16/26	c.7805+1871A>G		1/1
13	32360774	G	A	434.64	PASS	A	intron_variant	MODIFIER	BRCA2	ENSG00000139618.19	transcript	ENST00000380152.8	protein_coding	16/26	c.7806-1749G>A		0/1
13	32361269	T	C	867.64	PASS	C	intron_variant	MODIFIER	BRCA2	ENSG00000139618.19	transcript	ENST00000380152.8	protein_coding	16/26	c.7806-1254T>C		0/1
13	32362509	T	C	1382.06	PASS	C	intron_variant	MODIFIER	BRCA2	ENSG00000139618.19	transcript	ENST00000380152.8	protein_coding	16/26	c.7806-14T>C		1/1
13	32364744	A	G	711.64	PASS	G	intron_variant	MODIFIER	BRCA2	ENSG00000139618.19	transcript	ENST00000380152.8	protein_coding	18/26	c.8331+1211A>G		0/1
13	32365109	CTTTT	C	195.91	PASS	C	intron_variant	MODIFIER	BRCA2	ENSG00000139618.19	transcript	ENST00000380152.8	protein_coding	18/26	c.8331+1601_8331+1604delTTTT		1/1
13	32365149	T	G	239.64	PASS	G	intron_variant	MODIFIER	BRCA2	ENSG00000139618.19	transcript	ENST00000380152.8	protein_coding	18/26	c.8331+1616T>G		0|1
13	32365177	C	T	788.06	PASS	T	intron_variant	MODIFIER	BRCA2	ENSG00000139618.19	transcript	ENST00000380152.8	protein_coding	18/26	c.8331+1644C>T		1|1
13	32365721	C	CT	86.04	PASS	CT	intron_variant	MODIFIER	BRCA2	ENSG00000139618.19	transcript	ENST00000380152.8	protein_coding	18/26	c.8331+2209dupT		1/1
13	32366208	C	A	1044.06	PASS	A	intron_variant	MODIFIER	BRCA2	ENSG00000139618.19	transcript	ENST00000380152.8	protein_coding	18/26	c.8331+2675C>A		1/1
13	32366751	C	T	444.64	PASS	T	intron_variant	MODIFIER	BRCA2	ENSG00000139618.19	transcript	ENST00000380152.8	protein_coding	18/26	c.8331+3218C>T		0/1
13	32367579	A	AGATGGCTTG	1600.03	PASS	AGATGGCTTG	intron_variant	MODIFIER	BRCA2	ENSG00000139618.19	transcript	ENST00000380152.8	protein_coding	18/26	c.8332-2823_8332-2822insGATGGCTTG		1/1
13	32367803	A	T	619.64	PASS	T	intron_variant	MODIFIER	BRCA2	ENSG00000139618.19	transcript	ENST00000380152.8	protein_coding	18/26	c.8332-2599A>T		0/1
13	32368808	T	G	513.64	PASS	G	intron_variant	MODIFIER	BRCA2	ENSG00000139618.19	transcript	ENST00000380152.8	protein_coding	18/26	c.8332-1594T>G		0|1
13	32368810	G	T	510.64	PASS	T	intron_variant	MODIFIER	BRCA2	ENSG00000139618.19	transcript	ENST00000380152.8	protein_coding	18/26	c.8332-1592G>T		0|1
13	32368819	G	GT	221.6	PASS	GT	intron_variant	MODIFIER	BRCA2	ENSG00000139618.19	transcript	ENST00000380152.8	protein_coding	18/26	c.8332-1573dupT		0|1
13	32369699	G	A	207.64	PASS	A	intron_variant	MODIFIER	BRCA2	ENSG00000139618.19	transcript	ENST00000380152.8	protein_coding	18/26	c.8332-703G>A		0/1
13	32369919	G	T	792.64	PASS	T	intron_variant	MODIFIER	BRCA2	ENSG00000139618.19	transcript	ENST00000380152.8	protein_coding	18/26	c.8332-483G>T		0/1
13	32369961	G	A	555.64	PASS	A	intron_variant	MODIFIER	BRCA2	ENSG00000139618.19	transcript	ENST00000380152.8	protein_coding	18/26	c.8332-441G>A		0/1
13	32371400	A	T	706.64	PASS	T	intron_variant	MODIFIER	BRCA2	ENSG00000139618.19	transcript	ENST00000380152.8	protein_coding	20/26	c.8632+300A>T		0/1
13	32371580	A	G	424.64	PASS	G	intron_variant	MODIFIER	BRCA2	ENSG00000139618.19	transcript	ENST00000380152.8	protein_coding	20/26	c.8632+480A>G		0/1
13	32371874	A	G	1099.06	PASS	G	intron_variant	MODIFIER	BRCA2	ENSG00000139618.19	transcript	ENST00000380152.8	protein_coding	20/26	c.8632+774A>G		1/1
13	32372278	C	T	1196.06	PASS	T	intron_variant	MODIFIER	BRCA2	ENSG00000139618.19	transcript	ENST00000380152.8	protein_coding	20/26	c.8632+1178C>T		1/1
13	32372668	G	A	958.64	PASS	A	intron_variant	MODIFIER	BRCA2	ENSG00000139618.19	transcript	ENST00000380152.8	protein_coding	20/26	c.8632+1568G>A		0/1
13	32372996	C	CT	166.6	PASS	CT	intron_variant	MODIFIER	BRCA2	ENSG00000139618.19	transcript	ENST00000380152.8	protein_coding	20/26	c.8632+1910dupT		0/1
13	32375245	T	C	849.06	PASS	C	intron_variant	MODIFIER	BRCA2	ENSG00000139618.19	transcript	ENST00000380152.8	protein_coding	20/26	c.8633-1425T>C		1/1
13	32375563	C	CT	578.03	PASS	CT	intron_variant	MODIFIER	BRCA2	ENSG00000139618.19	transcript	ENST00000380152.8	protein_coding	20/26	c.8633-1093dupT		1/1
13	32376120	A	G	1288.06	PASS	G	intron_variant	MODIFIER	BRCA2	ENSG00000139618.19	transcript	ENST00000380152.8	protein_coding	20/26	c.8633-550A>G		1/1
13	32376521	C	CA	151.6	PASS	CA	intron_variant	MODIFIER	BRCA2	ENSG00000139618.19	transcript	ENST00000380152.8	protein_coding	20/26	c.8633-135dupA		0/1
13	32376974	A	C	610.64	PASS	C	intron_variant	MODIFIER	BRCA2	ENSG00000139618.19	transcript	ENST00000380152.8	protein_coding	21/26	c.8754+183A>C		0|1
13	32376978	C	T	610.64	PASS	T	intron_variant	MODIFIER	BRCA2	ENSG00000139618.19	transcript	ENST00000380152.8	protein_coding	21/26	c.8754+187C>T		0|1
13	32377317	C	T	793.64	PASS	T	intron_variant	MODIFIER	BRCA2	ENSG00000139618.19	transcript	ENST00000380152.8	protein_coding	21/26	c.8754+526C>T		0/1
13	32377459	A	C	538.64	PASS	C	intron_variant	MODIFIER	BRCA2	ENSG00000139618.19	transcript	ENST00000380152.8	protein_coding	21/26	c.8754+668A>C		0/1
13	32377590	CA	C	688.03	PASS	C	intron_variant	MODIFIER	BRCA2	ENSG00000139618.19	transcript	ENST00000380152.8	protein_coding	21/26	c.8754+816delA		1/1
13	32378348	A	G	149.64	PASS	G	intron_variant	MODIFIER	BRCA2	ENSG00000139618.19	transcript	ENST00000380152.8	protein_coding	21/26	c.8755-969A>G		0/1
13	32379045	A	G	623.64	PASS	G	intron_variant	MODIFIER	BRCA2	ENSG00000139618.19	transcript	ENST00000380152.8	protein_coding	21/26	c.8755-272A>G		0/1
13	32379251	T	C	1233.06	PASS	C	intron_variant	MODIFIER	BRCA2	ENSG00000139618.19	transcript	ENST00000380152.8	protein_coding	21/26	c.8755-66T>C		1/1
13	32380424	G	A	1439.06	PASS	A	intron_variant	MODIFIER	BRCA2	ENSG00000139618.19	transcript	ENST00000380152.8	protein_coding	24/26	c.9256+279G>A		1/1
13	32380534	C	CT	148	PASS	CT	intron_variant	MODIFIER	BRCA2	ENSG00000139618.19	transcript	ENST00000380152.8	protein_coding	24/26	c.9256+409dupT		1/1
13	32380604	T	A	764.06	PASS	A	intron_variant	MODIFIER	BRCA2	ENSG00000139618.19	transcript	ENST00000380152.8	protein_coding	24/26	c.9256+459T>A		1/1
13	32381260	C	T	1466.06	PASS	T	intron_variant	MODIFIER	BRCA2	ENSG00000139618.19	transcript	ENST00000380152.8	protein_coding	24/26	c.9256+1115C>T		1/1
13	32381972	G	A	630.64	PASS	A	intron_variant	MODIFIER	BRCA2	ENSG00000139618.19	transcript	ENST00000380152.8	protein_coding	24/26	c.9256+1827G>A		0/1
13	32382146	G	A	329.64	PASS	A	intron_variant	MODIFIER	BRCA2	ENSG00000139618.19	transcript	ENST00000380152.8	protein_coding	24/26	c.9256+2001G>A		0/1
13	32383102	C	CTGTAATCCAGCACTTTGGGAGGCCAAGGTGGG	654.6	PASS	CTGTAATCCAGCACTTTGGGAGGCCAAGGTGGG	intron_variant	MODIFIER	BRCA2	ENSG00000139618.19	transcript	ENST00000380152.8	protein_coding	24/26	c.9256+2960_9256+2991dupTAATCCAGCACTTTGGGAGGCCAAGGTGGGTG		0/1
13	32383682	G	A	559.64	PASS	A	intron_variant	MODIFIER	BRCA2	ENSG00000139618.19	transcript	ENST00000380152.8	protein_coding	24/26	c.9256+3537G>A		0/1
13	32383835	G	C	398.64	PASS	C	intron_variant	MODIFIER	BRCA2	ENSG00000139618.19	transcript	ENST00000380152.8	protein_coding	24/26	c.9256+3690G>C		0/1
13	32384329	T	G	475.64	PASS	G	intron_variant	MODIFIER	BRCA2	ENSG00000139618.19	transcript	ENST00000380152.8	protein_coding	24/26	c.9256+4184T>G		0/1
13	32384512	G	A	453.64	PASS	A	intron_variant	MODIFIER	BRCA2	ENSG00000139618.19	transcript	ENST00000380152.8	protein_coding	24/26	c.9256+4367G>A		0/1
13	32385062	C	T	1183.06	PASS	T	intron_variant	MODIFIER	BRCA2	ENSG00000139618.19	transcript	ENST00000380152.8	protein_coding	24/26	c.9256+4917C>T		1/1
13	32385103	C	A	520.64	PASS	A	intron_variant	MODIFIER	BRCA2	ENSG00000139618.19	transcript	ENST00000380152.8	protein_coding	24/26	c.9256+4958C>A		0/1
13	32385702	A	C	1217.06	PASS	C	intron_variant	MODIFIER	BRCA2	ENSG00000139618.19	transcript	ENST00000380152.8	protein_coding	24/26	c.9256+5557A>C		1/1
13	32386226	T	G	1229.06	PASS	G	intron_variant	MODIFIER	BRCA2	ENSG00000139618.19	transcript	ENST00000380152.8	protein_coding	24/26	c.9256+6081T>G		1/1
13	32386567	AAAAACCATTTGTATGAAGCAGAAAAAAAATG	A	1030.6	PASS	A	intron_variant	MODIFIER	BRCA2	ENSG00000139618.19	transcript	ENST00000380152.8	protein_coding	24/26	c.9256+6423_9256+6453delAAAACCATTTGTATGAAGCAGAAAAAAAATG		0/1
13	32387052	G	GC	957.03	PASS	GC	intron_variant	MODIFIER	BRCA2	ENSG00000139618.19	transcript	ENST00000380152.8	protein_coding	24/26	c.9256+6908dupC		1/1
13	32387908	A	C	1625.06	PASS	C	intron_variant	MODIFIER	BRCA2	ENSG00000139618.19	transcript	ENST00000380152.8	protein_coding	24/26	c.9257-6781A>C		1/1
13	32387951	C	T	1650.06	PASS	T	intron_variant	MODIFIER	BRCA2	ENSG00000139618.19	transcript	ENST00000380152.8	protein_coding	24/26	c.9257-6738C>T		1/1
13	32388121	CT	C,CTT	466.02	PASS	C	intron_variant	MODIFIER	BRCA2	ENSG00000139618.19	transcript	ENST00000380152.8	protein_coding	24/26	c.9257-6553delT		1/2
13	32388181	T	C	1325.06	PASS	C	intron_variant	MODIFIER	BRCA2	ENSG00000139618.19	transcript	ENST00000380152.8	protein_coding	24/26	c.9257-6508T>C		1/1
13	32388542	T	A	454.64	PASS	A	intron_variant	MODIFIER	BRCA2	ENSG00000139618.19	transcript	ENST00000380152.8	protein_coding	24/26	c.9257-6147T>A		0/1
13	32388666	C	CT	149.6	PASS	CT	intron_variant	MODIFIER	BRCA2	ENSG00000139618.19	transcript	ENST00000380152.8	protein_coding	24/26	c.9257-6010dupT		0/1
13	32389570	C	T	1497.06	PASS	T	intron_variant	MODIFIER	BRCA2	ENSG00000139618.19	transcript	ENST00000380152.8	protein_coding	24/26	c.9257-5119C>T		1/1
13	32391514	T	C	812.06	PASS	C	intron_variant	MODIFIER	BRCA2	ENSG00000139618.19	transcript	ENST00000380152.8	protein_coding	24/26	c.9257-3175T>C		1/1
13	32392589	CAA	C,CA	581.02	PASS	C	intron_variant	MODIFIER	BRCA2	ENSG00000139618.19	transcript	ENST00000380152.8	protein_coding	24/26	c.9257-2083_9257-2082delAA		1/2
13	32393329	A	G	1259.06	PASS	G	intron_variant	MODIFIER	BRCA2	ENSG00000139618.19	transcript	ENST00000380152.8	protein_coding	24/26	c.9257-1360A>G		1/1
13	32394454	G	A	1172.06	PASS	A	intron_variant	MODIFIER	BRCA2	ENSG00000139618.19	transcript	ENST00000380152.8	protein_coding	24/26	c.9257-235G>A		1/1
13	32394470	A	G	998.06	PASS	G	intron_variant	MODIFIER	BRCA2	ENSG00000139618.19	transcript	ENST00000380152.8	protein_coding	24/26	c.9257-219A>G		1/1
13	32395894	T	C	214.64	PASS	C	downstream_gene_variant	MODIFIER	N4BP2L1	ENSG00000139597.20	transcript	ENST00000380130.7	protein_coding		c.*7048A>G		0/1
13	32396599	G	C	1351.06	PASS	C	downstream_gene_variant	MODIFIER	N4BP2L1	ENSG00000139597.20	transcript	ENST00000380130.7	protein_coding		c.*6343C>G		1/1
13	32397288	T	C	1292.06	PASS	C	downstream_gene_variant	MODIFIER	N4BP2L1	ENSG00000139597.20	transcript	ENST00000380130.7	protein_coding		c.*5654A>G		1/1
13	32397569	AT	A	1011.03	PASS	A	downstream_gene_variant	MODIFIER	N4BP2L1	ENSG00000139597.20	transcript	ENST00000380130.7	protein_coding		c.*5372delA		1/1
13	32399139	A	G	526.64	PASS	G	3_prime_UTR_variant	MODIFIER	BRCA2	ENSG00000139618.19	transcript	ENST00000380152.8	protein_coding	27/27	c.*369A>G		0/1
13	32399302	A	G	702.64	PASS	G	3_prime_UTR_variant	MODIFIER	BRCA2	ENSG00000139618.19	transcript	ENST00000380152.8	protein_coding	27/27	c.*532A>G		0/1
13	32399599	AT	A	295.6	PASS	A	3_prime_UTR_variant	MODIFIER	BRCA2	ENSG00000139618.19	transcript	ENST00000380152.8	protein_coding	27/27	c.*839delT		0/1
13	32399786	C	CT	189.6	PASS	CT	3_prime_UTR_variant	MODIFIER	BRCA2	ENSG00000139618.19	transcript	ENST00000380152.8	protein_coding	27/27	c.*1031dupT		0/1
13	32399885	C	A	1042.06	PASS	A	3_prime_UTR_variant	MODIFIER	BRCA2	ENSG00000139618.19	transcript	ENST00000380152.8	protein_coding	27/27	c.*1115C>A		1/1
13	32400151	T	A	1232.06	PASS	A	3_prime_UTR_variant	MODIFIER	BRCA2	ENSG00000139618.19	transcript	ENST00000380152.8	protein_coding	27/27	c.*1381T>A		1/1
